Workbook

Sheet 실행
B1: 손해율 월말 집계
B3: ① 입력 (노란 칸만) | D3: 자동변환
B4: 마감 기준월 | C4: 202509 | D4: =IFERROR(--TRIM(C4),0) -> 202509 | E4: 예) 202509 → CY 당월 = 이 달, UY 누적 = 이 달 마감까지
B5: UY 계약 시작월 | C5: 202506 | D5: =IFERROR(--TRIM(C5),0) -> 202506 | E5: 예) 202506 → UY 누적 대상 계약년월의 시작
B6: 손해율 Top20 최소 보험료 비중 | C6: 0.0005 | E6: 보험료가 아주 작은 담보 제외용 (보통 그대로 두세요, 0이면 제한 없음)
D7: =D4-100 -> 202409
D8: =D5-100 -> 202406
B10: ② 매월 작업 순서
B11: 1) 위 노란 칸에 기준월(예: 202509)과 UY 계약 시작월(예: 202506)을 입력
B12: 2) 로데이터 넣기 — 매크로 [LoadRawData] 실행 → 파일 선택 (기존 데이터는 자동 삭제)
B13: 매크로를 못 쓰면: raw_data 시트 전체 삭제 → A1에 헤더 포함 10개 열 붙여넣기 (값 붙여넣기)
B14: ※ 로데이터에는 당해 구간과 전년 동기 구간(예: 202406~202409)이 모두 있어야 증감이 계산됨
B15: 3) 아래 ③ 데이터 점검의 '종합 상태'가 정상인지 확인
B16: 4) 워드 리포트 — 매크로 [MakeWordReport] 실행 → 이 파일과 같은 폴더에 docx 생성
B17: 매크로를 못 쓰면: '요약', 'Top20' 시트의 표를 복사해 워드에 붙여넣기(원본 서식 유지)
B18: 담보 마스터가 바뀐 경우에만: code_master 시트 A~C열(담보코드·담보명·대급부명) 교체 (최대 1,000개 자동 반영)
B20: ③ 데이터 점검 (자동)
B21: 점검 항목 | C21: 결과 | D21: 상태 | E21: 문제일 때 조치
B22: 기준월 입력 형식 | C22: =BASE_YM -> 202509 | D22: =IF(AND(BASE_YM>=190001,BASE_YM<=209912,MOD(BASE_YM,100)>=1,MOD(BASE_YM,100)<=12),"정상","오류") -> 정상 | E22: 202509처럼 6자리 숫자로 입력
B23: UY 계약 시작월 형식 | C23: =UY_START -> 202506 | D23: =IF(AND(UY_START>=190001,MOD(UY_START,100)>=1,MOD(UY_START,100)<=12,UY_START<=BASE_YM),"정상","오류") -> 정상 | E23: 6자리 숫자, 기준월보다 같거나 이전이어야 함
B24: 로데이터 행 수 | C24: =(COUNTA(raw_data!$G:$G)-1) -> 21805 | D24: =IF((COUNTA(raw_data!$G:$G)-1)>0,"정상","오류") -> 정상 | E24: raw_data 시트에 데이터가 없음 → 2) 단계 실행
B25: 로데이터 열 수 (10개) | C25: =COUNTA(raw_data!$1:$1) -> 10 | D25: =IF(COUNTA(raw_data!$1:$1)=10,"정상","확인") -> 정상 | E25: 원본 10개 열 순서대로 A~J열에 있어야 함
B26: 년월이 숫자가 아닌 행 | C26: =2*(COUNTA(raw_data!$G:$G)-1)-COUNT(raw_data!$A:$A)-COUNT(raw_data!$B:$B) -> 0 | D26: =IF(2*(COUNTA(raw_data!$G:$G)-1)-COUNT(raw_data!$A:$A)-COUNT(raw_data!$B:$B)=0,"정상","오류") -> 정상 | E26: 텍스트로 저장된 년월 → [LoadRawData]/[MakeWordReport] 매크로가 자동 변환 (수동: 데이터→텍스트 나누기→마침)
B27: 금액이 숫자가 아닌 칸 | C27: =3*(COUNTA(raw_data!$G:$G)-1)-COUNT(raw_data!$H:$H)-COUNT(raw_data!$I:$I)-COUNT(raw_data!$J:$J) -> 0 | D27: =IF(3*(COUNTA(raw_data!$G:$G)-1)-COUNT(raw_data!$H:$H)-COUNT(raw_data!$I:$I)-COUNT(raw_data!$J:$J)=0,"정상","오류") -> 정상 | E27: 위와 같음 (빈칸이면 0 입력)
B28: 년월 범위 (열 순서 확인) | C28: =MIN(raw_data!$A:$B)&" ~ "&MAX(raw_data!$A:$B) -> 202406 ~ 202509 | D28: =IF(AND(MIN(raw_data!$A:$B)>=190001,MAX(raw_data!$A:$B)<=209912),"정상","오류") -> 정상 | E28: A열=계약년월, B열=마감년월이 맞는지 확인
B29: 기준월 마감 데이터 행 수 | C29: =COUNTIF(raw_data!$B:$B,BASE_YM) -> 4362 | D29: =IF(COUNTIF(raw_data!$B:$B,BASE_YM)>0,"정상","오류") -> 정상 | E29: 기준월 입력값 또는 로데이터 기간 확인
B30: 전년 동월 마감 데이터 행 수 | C30: =COUNTIF(raw_data!$B:$B,BASE_YM_PY) -> 4360 | D30: =IF(COUNTIF(raw_data!$B:$B,BASE_YM_PY)>0,"정상","확인") -> 정상 | E30: 없으면 전년 대비 증감이 공란 → 전년 구간도 추출
B31: 심사유형이 일반/간편 외 값인 행 | C31: =(COUNTA(raw_data!$G:$G)-1)-COUNTIF(raw_data!$F:$F,"일반")-COUNTIF(raw_data!$F:$F,"간편") -> 0 | D31: =IF((COUNTA(raw_data!$G:$G)-1)-COUNTIF(raw_data!$F:$F,"일반")-COUNTIF(raw_data!$F:$F,"간편")=0,"정상","확인") -> 정상 | E31: 심사유형별 표에서 빠짐 (전사 합계에는 포함)
B32: 마스터에 없는 담보코드 행 | C32: =(COUNTA(raw_data!$G:$G)-1)-SUM(담보별집계!$AD$2:$AD$1001) -> 5 | D32: =IF((COUNTA(raw_data!$G:$G)-1)-SUM(담보별집계!$AD$2:$AD$1001)=0,"정상","확인") -> 확인 | E32: 전사 합계엔 포함, 담보별 Top20엔 빠짐 → code_master에 담보 추가
B33: 마스터 담보코드 중복 | C33: =SUM(담보별집계!$AE$2:$AE$1001) -> 0 | D33: =IF(SUM(담보별집계!$AE$2:$AE$1001)=0,"정상","오류") -> 정상 | E33: code_master에서 중복 코드 제거
B34: 마스터 담보 수 (최대 1,000) | C34: =COUNTA(code_master!$A:$A)-1 -> 545 | D34: =IF(COUNTA(code_master!$A:$A)-1<=1000,"정상","오류") -> 정상 | E34: 1,000개 초과 시 템플릿 확장 필요
B35: 대급부 종류 수 (최대 20) | C35: =COUNT(담보별집계!$AC$2:$AC$1001) -> 10 | D35: =IF(COUNT(담보별집계!$AC$2:$AC$1001)<=20,"정상","오류") -> 정상 | E35: 20종 초과 시 템플릿 확장 필요
B36: 손해율 Top20 대상 담보 수 | C36: =COUNT(담보별집계!$V$2:$V$1001) -> 380 | D36: =IF(COUNT(담보별집계!$V$2:$V$1001)>=20,"정상","확인") -> 정상 | E36: 20개 미만이면 최소 보험료 비중을 낮추기
B38: 종합 상태 | C38: =IF(COUNTIF(D22:D36,"오류")>0,"오류",IF(COUNTIF(D22:D36,"확인")>0,"확인 필요","정상")) -> 확인 필요 | E38: 정상이면 바로 보고서 생성, '확인 필요'는 내용 확인 후 진행 가능, '오류'는 반드시 조치
B40: ※ 매크로 최초 1회 설치: Alt+F11 → 파일 → 파일 가져오기 → report_macro.bas → 닫기 → 'Excel 매크로 사용 통합 문서(*.xlsm)'로 다른 이름 저장. 이후 Alt+F8로 실행.
B41: ※ 손해율 = (지급보험금 + 지급비금변동분) ÷ 위험보험료. UY 누적 = 계약년월이 [UY 시작월~기준월]이고 마감년월 ≤ 기준월인 실적 누적. CY 당월 = 마감년월 = 기준월. 전년 동기 = 12개월 전 같은 구간.

Sheet 요약
A1: =TEXT(BASE_YM,"0000\.00")&" 기준 손해율 결산 리포트" -> 2025.09 기준 손해율 결산 리포트
A2: 금액 단위: 백만원 | 손해율 = (지급보험금 + 지급비금변동분) ÷ 위험보험료 | 증감(p): 빨강 악화 / 파랑 개선
A3: =TEXT(UY_START,"0000\.00")&"~"&TEXT(BASE_YM,"0000\.00")&" 계약, "&TEXT(BASE_YM,"0000\.00")&" 마감 누적" -> 2025.06~2025.09 계약, 2025.09 마감 누적 | B3: =TEXT(BASE_YM,"0000\.00")&" 마감월" -> 2025.09 마감월
A5: 1. 핵심 요약 (전사)
A6: 구분 | B6: 위험보험료 | C6: 손해액 | D6: 손해율 | E6: 전년 손해율 | F6: 위험보험료 증감률 | G6: 손해율 증감(p)
A7: UY 누적 | B7: =SUMIFS(raw_data!$H:$H,raw_data!$A:$A,">="&UY_START,raw_data!$A:$A,"<="&BASE_YM,raw_data!$B:$B,"<="&BASE_YM) -> 20409251306 | C7: =(SUMIFS(raw_data!$I:$I,raw_data!$A:$A,">="&UY_START,raw_data!$A:$A,"<="&BASE_YM,raw_data!$B:$B,"<="&BASE_YM)+SUMIFS(raw_data!$J:$J,raw_data!$A:$A,">="&UY_START,raw_data!$A:$A,"<="&BASE_YM,raw_data!$B:$B,"<="&BASE_YM)) -> 11287776523 | D7: =IF(N(B7)=0,"",C7/B7) -> 0.55307156 | E7: =IF(N(SUMIFS(raw_data!$H:$H,raw_data!$A:$A,">="&UY_START_PY,raw_data!$A:$A,"<="&BASE_YM_PY,raw_data!$B:$B,"<="&BASE_YM_PY))=0,"",(SUMIFS(raw_data!$I:$I,raw_data!$A:$A,">="&UY_START_PY,raw_data!$A:$A,"<="&BASE_YM_PY,raw_data!$B:$B,"<="&BASE_YM_PY)+SUMIFS(raw_data!$J:$J,raw_data!$A:$A,">="&UY_START_PY,raw_data!$A:$A,"<="&BASE_YM_PY,raw_data!$B:$B,"<="&BASE_YM_PY))/SUMIFS(raw_data!$H:$H,raw_data!$A:$A,">="&UY_START_PY,raw_data!$A:$A,"<="&BASE_YM_PY,raw_data!$B:$B,"<="&BASE_YM_PY)) -> 0.56694568 | F7: =IF(N(SUMIFS(raw_data!$H:$H,raw_data!$A:$A,">="&UY_START_PY,raw_data!$A:$A,"<="&BASE_YM_PY,raw_data!$B:$B,"<="&BASE_YM_PY))=0,"",B7/SUMIFS(raw_data!$H:$H,raw_data!$A:$A,">="&UY_START_PY,raw_data!$A:$A,"<="&BASE_YM_PY,raw_data!$B:$B,"<="&BASE_YM_PY)-1) -> 0.073860053 | G7: =IF(OR(D7="",E7=""),"",D7-E7) -> -0.013874113
A8: CY 당월 | B8: =SUMIFS(raw_data!$H:$H,raw_data!$B:$B,BASE_YM) -> 8228123162 | C8: =(SUMIFS(raw_data!$I:$I,raw_data!$B:$B,BASE_YM)+SUMIFS(raw_data!$J:$J,raw_data!$B:$B,BASE_YM)) -> 5362010328 | D8: =IF(N(B8)=0,"",C8/B8) -> 0.6516687 | E8: =IF(N(SUMIFS(raw_data!$H:$H,raw_data!$B:$B,BASE_YM_PY))=0,"",(SUMIFS(raw_data!$I:$I,raw_data!$B:$B,BASE_YM_PY)+SUMIFS(raw_data!$J:$J,raw_data!$B:$B,BASE_YM_PY))/SUMIFS(raw_data!$H:$H,raw_data!$B:$B,BASE_YM_PY)) -> 0.67944834 | F8: =IF(N(SUMIFS(raw_data!$H:$H,raw_data!$B:$B,BASE_YM_PY))=0,"",B8/SUMIFS(raw_data!$H:$H,raw_data!$B:$B,BASE_YM_PY)-1) -> 0.086687225 | G8: =IF(OR(D8="",E8=""),"",D8-E8) -> -0.02777964
A9: ="※ UY 누적: "&PERIOD_UY&" (전년 "&TEXT(UY_START_PY,"0000\.00")&"~"&TEXT(BASE_YM_PY,"0000\.00")&" 계약) / CY 당월: "&PERIOD_CY&" (전년 "&TEXT(BASE_YM_PY,"0000\.00")&")" -> ※ UY 누적: 2025.06~2025.09 계약, 2025.09 마감 누적 (전년 2024.06~2024.09 계약) / CY 당월: 2025.09 마감월 (전년 2024.09)
A11: ="2. UY 누적 손해율 ("&PERIOD_UY&")" -> 2. UY 누적 손해율 (2025.06~2025.09 계약, 2025.09 마감 누적)
A12: 2-1. 심사유형별
A13: 심사유형 | B13: 위험보험료 | C13: 손해액 | D13: 손해율 | E13: 전년 손해율 | F13: 위험보험료 증감률 | G13: 손해율 증감(p)
A14: 일반 | B14: =SUMIFS(raw_data!$H:$H,raw_data!$A:$A,">="&UY_START,raw_data!$A:$A,"<="&BASE_YM,raw_data!$B:$B,"<="&BASE_YM,raw_data!$F:$F,$A14) -> 14053890547 | C14: =(SUMIFS(raw_data!$I:$I,raw_data!$A:$A,">="&UY_START,raw_data!$A:$A,"<="&BASE_YM,raw_data!$B:$B,"<="&BASE_YM,raw_data!$F:$F,$A14)+SUMIFS(raw_data!$J:$J,raw_data!$A:$A,">="&UY_START,raw_data!$A:$A,"<="&BASE_YM,raw_data!$B:$B,"<="&BASE_YM,raw_data!$F:$F,$A14)) -> 7422377958 | D14: =IF(N(B14)=0,"",C14/B14) -> 0.52813688 | E14: =IF(N(SUMIFS(raw_data!$H:$H,raw_data!$A:$A,">="&UY_START_PY,raw_data!$A:$A,"<="&BASE_YM_PY,raw_data!$B:$B,"<="&BASE_YM_PY,raw_data!$F:$F,$A14))=0,"",(SUMIFS(raw_data!$I:$I,raw_data!$A:$A,">="&UY_START_PY,raw_data!$A:$A,"<="&BASE_YM_PY,raw_data!$B:$B,"<="&BASE_YM_PY,raw_data!$F:$F,$A14)+SUMIFS(raw_data!$J:$J,raw_data!$A:$A,">="&UY_START_PY,raw_data!$A:$A,"<="&BASE_YM_PY,raw_data!$B:$B,"<="&BASE_YM_PY,raw_data!$F:$F,$A14))/SUMIFS(raw_data!$H:$H,raw_data!$A:$A,">="&UY_START_PY,raw_data!$A:$A,"<="&BASE_YM_PY,raw_data!$B:$B,"<="&BASE_YM_PY,raw_data!$F:$F,$A14)) -> 0.53939762 | F14: =IF(N(SUMIFS(raw_data!$H:$H,raw_data!$A:$A,">="&UY_START_PY,raw_data!$A:$A,"<="&BASE_YM_PY,raw_data!$B:$B,"<="&BASE_YM_PY,raw_data!$F:$F,$A14))=0,"",B14/SUMIFS(raw_data!$H:$H,raw_data!$A:$A,">="&UY_START_PY,raw_data!$A:$A,"<="&BASE_YM_PY,raw_data!$B:$B,"<="&BASE_YM_PY,raw_data!$F:$F,$A14)-1) -> 0.069831518 | G14: =IF(OR(D14="",E14=""),"",D14-E14) -> -0.011260739
A15: 간편 | B15: =SUMIFS(raw_data!$H:$H,raw_data!$A:$A,">="&UY_START,raw_data!$A:$A,"<="&BASE_YM,raw_data!$B:$B,"<="&BASE_YM,raw_data!$F:$F,$A15) -> 6355360759 | C15: =(SUMIFS(raw_data!$I:$I,raw_data!$A:$A,">="&UY_START,raw_data!$A:$A,"<="&BASE_YM,raw_data!$B:$B,"<="&BASE_YM,raw_data!$F:$F,$A15)+SUMIFS(raw_data!$J:$J,raw_data!$A:$A,">="&UY_START,raw_data!$A:$A,"<="&BASE_YM,raw_data!$B:$B,"<="&BASE_YM,raw_data!$F:$F,$A15)) -> 3865398565 | D15: =IF(N(B15)=0,"",C15/B15) -> 0.60821072 | E15: =IF(N(SUMIFS(raw_data!$H:$H,raw_data!$A:$A,">="&UY_START_PY,raw_data!$A:$A,"<="&BASE_YM_PY,raw_data!$B:$B,"<="&BASE_YM_PY,raw_data!$F:$F,$A15))=0,"",(SUMIFS(raw_data!$I:$I,raw_data!$A:$A,">="&UY_START_PY,raw_data!$A:$A,"<="&BASE_YM_PY,raw_data!$B:$B,"<="&BASE_YM_PY,raw_data!$F:$F,$A15)+SUMIFS(raw_data!$J:$J,raw_data!$A:$A,">="&UY_START_PY,raw_data!$A:$A,"<="&BASE_YM_PY,raw_data!$B:$B,"<="&BASE_YM_PY,raw_data!$F:$F,$A15))/SUMIFS(raw_data!$H:$H,raw_data!$A:$A,">="&UY_START_PY,raw_data!$A:$A,"<="&BASE_YM_PY,raw_data!$B:$B,"<="&BASE_YM_PY,raw_data!$F:$F,$A15)) -> 0.62860675 | F15: =IF(N(SUMIFS(raw_data!$H:$H,raw_data!$A:$A,">="&UY_START_PY,raw_data!$A:$A,"<="&BASE_YM_PY,raw_data!$B:$B,"<="&BASE_YM_PY,raw_data!$F:$F,$A15))=0,"",B15/SUMIFS(raw_data!$H:$H,raw_data!$A:$A,">="&UY_START_PY,raw_data!$A:$A,"<="&BASE_YM_PY,raw_data!$B:$B,"<="&BASE_YM_PY,raw_data!$F:$F,$A15)-1) -> 0.082877161 | G15: =IF(OR(D15="",E15=""),"",D15-E15) -> -0.020396026
A17: 2-2. 대급부별
A18: 대급부명 | B18: 위험보험료 | C18: 손해액 | D18: 손해율 | E18: 전년 손해율 | F18: 위험보험료 증감률 | G18: 손해율 증감(p)
A19: =IFERROR(INDEX(담보별집계!$B$2:$B$1001,MATCH(1,담보별집계!$AC$2:$AC$1001,0)),"") -> 사망 | B19: =IF($A19="","",SUMIF(담보별집계!$B$2:$B$1001,$A19,담보별집계!$D$2:$D$1001)) -> 5536867940 | C19: =IF($A19="","",SUMIF(담보별집계!$B$2:$B$1001,$A19,담보별집계!$E$2:$E$1001)) -> 2186837464 | D19: =IF(N(B19)=0,"",C19/B19) -> 0.3949593 | E19: =IF($A19="","",IF(N(SUMIF(담보별집계!$B$2:$B$1001,$A19,담보별집계!$G$2:$G$1001))=0,"",SUMIF(담보별집계!$B$2:$B$1001,$A19,담보별집계!$H$2:$H$1001)/SUMIF(담보별집계!$B$2:$B$1001,$A19,담보별집계!$G$2:$G$1001))) -> 0.40881021 | F19: =IF($A19="","",IF(N(SUMIF(담보별집계!$B$2:$B$1001,$A19,담보별집계!$G$2:$G$1001))=0,"",B19/SUMIF(담보별집계!$B$2:$B$1001,$A19,담보별집계!$G$2:$G$1001)-1)) -> 0.068950022 | G19: =IF(OR(D19="",E19=""),"",D19-E19) -> -0.013850914
A20: =IFERROR(INDEX(담보별집계!$B$2:$B$1001,MATCH(2,담보별집계!$AC$2:$AC$1001,0)),"") -> 암 | B20: =IF($A20="","",SUMIF(담보별집계!$B$2:$B$1001,$A20,담보별집계!$D$2:$D$1001)) -> 3193526051 | C20: =IF($A20="","",SUMIF(담보별집계!$B$2:$B$1001,$A20,담보별집계!$E$2:$E$1001)) -> 1775907678 | D20: =IF(N(B20)=0,"",C20/B20) -> 0.55609619 | E20: =IF($A20="","",IF(N(SUMIF(담보별집계!$B$2:$B$1001,$A20,담보별집계!$G$2:$G$1001))=0,"",SUMIF(담보별집계!$B$2:$B$1001,$A20,담보별집계!$H$2:$H$1001)/SUMIF(담보별집계!$B$2:$B$1001,$A20,담보별집계!$G$2:$G$1001))) -> 0.55414714 | F20: =IF($A20="","",IF(N(SUMIF(담보별집계!$B$2:$B$1001,$A20,담보별집계!$G$2:$G$1001))=0,"",B20/SUMIF(담보별집계!$B$2:$B$1001,$A20,담보별집계!$G$2:$G$1001)-1)) -> 0.086824419 | G20: =IF(OR(D20="",E20=""),"",D20-E20) -> 0.0019490544
A21: =IFERROR(INDEX(담보별집계!$B$2:$B$1001,MATCH(3,담보별집계!$AC$2:$AC$1001,0)),"") -> 실손의료 | B21: =IF($A21="","",SUMIF(담보별집계!$B$2:$B$1001,$A21,담보별집계!$D$2:$D$1001)) -> 2652019682 | C21: =IF($A21="","",SUMIF(담보별집계!$B$2:$B$1001,$A21,담보별집계!$E$2:$E$1001)) -> 2150573783 | D21: =IF(N(B21)=0,"",C21/B21) -> 0.81091924 | E21: =IF($A21="","",IF(N(SUMIF(담보별집계!$B$2:$B$1001,$A21,담보별집계!$G$2:$G$1001))=0,"",SUMIF(담보별집계!$B$2:$B$1001,$A21,담보별집계!$H$2:$H$1001)/SUMIF(담보별집계!$B$2:$B$1001,$A21,담보별집계!$G$2:$G$1001))) -> 0.83139685 | F21: =IF($A21="","",IF(N(SUMIF(담보별집계!$B$2:$B$1001,$A21,담보별집계!$G$2:$G$1001))=0,"",B21/SUMIF(담보별집계!$B$2:$B$1001,$A21,담보별집계!$G$2:$G$1001)-1)) -> 0.093248681 | G21: =IF(OR(D21="",E21=""),"",D21-E21) -> -0.020477607
A22: =IFERROR(INDEX(담보별집계!$B$2:$B$1001,MATCH(4,담보별집계!$AC$2:$AC$1001,0)),"") -> 수술 | B22: =IF($A22="","",SUMIF(담보별집계!$B$2:$B$1001,$A22,담보별집계!$D$2:$D$1001)) -> 2076083650 | C22: =IF($A22="","",SUMIF(담보별집계!$B$2:$B$1001,$A22,담보별집계!$E$2:$E$1001)) -> 1315107939 | D22: =IF(N(B22)=0,"",C22/B22) -> 0.63345614 | E22: =IF($A22="","",IF(N(SUMIF(담보별집계!$B$2:$B$1001,$A22,담보별집계!$G$2:$G$1001))=0,"",SUMIF(담보별집계!$B$2:$B$1001,$A22,담보별집계!$H$2:$H$1001)/SUMIF(담보별집계!$B$2:$B$1001,$A22,담보별집계!$G$2:$G$1001))) -> 0.65039469 | F22: =IF($A22="","",IF(N(SUMIF(담보별집계!$B$2:$B$1001,$A22,담보별집계!$G$2:$G$1001))=0,"",B22/SUMIF(담보별집계!$B$2:$B$1001,$A22,담보별집계!$G$2:$G$1001)-1)) -> 0.11002872 | G22: =IF(OR(D22="",E22=""),"",D22-E22) -> -0.016938548
A23: =IFERROR(INDEX(담보별집계!$B$2:$B$1001,MATCH(5,담보별집계!$AC$2:$AC$1001,0)),"") -> 심장 | B23: =IF($A23="","",SUMIF(담보별집계!$B$2:$B$1001,$A23,담보별집계!$D$2:$D$1001)) -> 1877152345 | C23: =IF($A23="","",SUMIF(담보별집계!$B$2:$B$1001,$A23,담보별집계!$E$2:$E$1001)) -> 900898467 | D23: =IF(N(B23)=0,"",C23/B23) -> 0.47992826 | E23: =IF($A23="","",IF(N(SUMIF(담보별집계!$B$2:$B$1001,$A23,담보별집계!$G$2:$G$1001))=0,"",SUMIF(담보별집계!$B$2:$B$1001,$A23,담보별집계!$H$2:$H$1001)/SUMIF(담보별집계!$B$2:$B$1001,$A23,담보별집계!$G$2:$G$1001))) -> 0.49016124 | F23: =IF($A23="","",IF(N(SUMIF(담보별집계!$B$2:$B$1001,$A23,담보별집계!$G$2:$G$1001))=0,"",B23/SUMIF(담보별집계!$B$2:$B$1001,$A23,담보별집계!$G$2:$G$1001)-1)) -> 0.093311336 | G23: =IF(OR(D23="",E23=""),"",D23-E23) -> -0.010232974
A24: =IFERROR(INDEX(담보별집계!$B$2:$B$1001,MATCH(6,담보별집계!$AC$2:$AC$1001,0)),"") -> 뇌혈관 | B24: =IF($A24="","",SUMIF(담보별집계!$B$2:$B$1001,$A24,담보별집계!$D$2:$D$1001)) -> 1651383230 | C24: =IF($A24="","",SUMIF(담보별집계!$B$2:$B$1001,$A24,담보별집계!$E$2:$E$1001)) -> 852087580 | D24: =IF(N(B24)=0,"",C24/B24) -> 0.51598415 | E24: =IF($A24="","",IF(N(SUMIF(담보별집계!$B$2:$B$1001,$A24,담보별집계!$G$2:$G$1001))=0,"",SUMIF(담보별집계!$B$2:$B$1001,$A24,담보별집계!$H$2:$H$1001)/SUMIF(담보별집계!$B$2:$B$1001,$A24,담보별집계!$G$2:$G$1001))) -> 0.48993408 | F24: =IF($A24="","",IF(N(SUMIF(담보별집계!$B$2:$B$1001,$A24,담보별집계!$G$2:$G$1001))=0,"",B24/SUMIF(담보별집계!$B$2:$B$1001,$A24,담보별집계!$G$2:$G$1001)-1)) -> 0.020341403 | G24: =IF(OR(D24="",E24=""),"",D24-E24) -> 0.026050077
A25: =IFERROR(INDEX(담보별집계!$B$2:$B$1001,MATCH(7,담보별집계!$AC$2:$AC$1001,0)),"") -> 상해 | B25: =IF($A25="","",SUMIF(담보별집계!$B$2:$B$1001,$A25,담보별집계!$D$2:$D$1001)) -> 1389037543 | C25: =IF($A25="","",SUMIF(담보별집계!$B$2:$B$1001,$A25,담보별집계!$E$2:$E$1001)) -> 875979836 | D25: =IF(N(B25)=0,"",C25/B25) -> 0.63063798 | E25: =IF($A25="","",IF(N(SUMIF(담보별집계!$B$2:$B$1001,$A25,담보별집계!$G$2:$G$1001))=0,"",SUMIF(담보별집계!$B$2:$B$1001,$A25,담보별집계!$H$2:$H$1001)/SUMIF(담보별집계!$B$2:$B$1001,$A25,담보별집계!$G$2:$G$1001))) -> 0.64935207 | F25: =IF($A25="","",IF(N(SUMIF(담보별집계!$B$2:$B$1001,$A25,담보별집계!$G$2:$G$1001))=0,"",B25/SUMIF(담보별집계!$B$2:$B$1001,$A25,담보별집계!$G$2:$G$1001)-1)) -> 0.10501514 | G25: =IF(OR(D25="",E25=""),"",D25-E25) -> -0.018714089
A26: =IFERROR(INDEX(담보별집계!$B$2:$B$1001,MATCH(8,담보별집계!$AC$2:$AC$1001,0)),"") -> 치아 | B26: =IF($A26="","",SUMIF(담보별집계!$B$2:$B$1001,$A26,담보별집계!$D$2:$D$1001)) -> 817962024 | C26: =IF($A26="","",SUMIF(담보별집계!$B$2:$B$1001,$A26,담보별집계!$E$2:$E$1001)) -> 521630515 | D26: =IF(N(B26)=0,"",C26/B26) -> 0.63771972 | E26: =IF($A26="","",IF(N(SUMIF(담보별집계!$B$2:$B$1001,$A26,담보별집계!$G$2:$G$1001))=0,"",SUMIF(담보별집계!$B$2:$B$1001,$A26,담보별집계!$H$2:$H$1001)/SUMIF(담보별집계!$B$2:$B$1001,$A26,담보별집계!$G$2:$G$1001))) -> 0.73254676 | F26: =IF($A26="","",IF(N(SUMIF(담보별집계!$B$2:$B$1001,$A26,담보별집계!$G$2:$G$1001))=0,"",B26/SUMIF(담보별집계!$B$2:$B$1001,$A26,담보별집계!$G$2:$G$1001)-1)) -> -0.12152062 | G26: =IF(OR(D26="",E26=""),"",D26-E26) -> -0.094827033
A27: =IFERROR(INDEX(담보별집계!$B$2:$B$1001,MATCH(9,담보별집계!$AC$2:$AC$1001,0)),"") -> 입원 | B27: =IF($A27="","",SUMIF(담보별집계!$B$2:$B$1001,$A27,담보별집계!$D$2:$D$1001)) -> 763493049 | C27: =IF($A27="","",SUMIF(담보별집계!$B$2:$B$1001,$A27,담보별집계!$E$2:$E$1001)) -> 520221014 | D27: =IF(N(B27)=0,"",C27/B27) -> 0.68136968 | E27: =IF($A27="","",IF(N(SUMIF(담보별집계!$B$2:$B$1001,$A27,담보별집계!$G$2:$G$1001))=0,"",SUMIF(담보별집계!$B$2:$B$1001,$A27,담보별집계!$H$2:$H$1001)/SUMIF(담보별집계!$B$2:$B$1001,$A27,담보별집계!$G$2:$G$1001))) -> 0.72636568 | F27: =IF($A27="","",IF(N(SUMIF(담보별집계!$B$2:$B$1001,$A27,담보별집계!$G$2:$G$1001))=0,"",B27/SUMIF(담보별집계!$B$2:$B$1001,$A27,담보별집계!$G$2:$G$1001)-1)) -> 0.09958335 | G27: =IF(OR(D27="",E27=""),"",D27-E27) -> -0.044995999
A28: =IFERROR(INDEX(담보별집계!$B$2:$B$1001,MATCH(10,담보별집계!$AC$2:$AC$1001,0)),"") -> 기타 | B28: =IF($A28="","",SUMIF(담보별집계!$B$2:$B$1001,$A28,담보별집계!$D$2:$D$1001)) -> 445811963 | C28: =IF($A28="","",SUMIF(담보별집계!$B$2:$B$1001,$A28,담보별집계!$E$2:$E$1001)) -> 183840943 | D28: =IF(N(B28)=0,"",C28/B28) -> 0.41237328 | E28: =IF($A28="","",IF(N(SUMIF(담보별집계!$B$2:$B$1001,$A28,담보별집계!$G$2:$G$1001))=0,"",SUMIF(담보별집계!$B$2:$B$1001,$A28,담보별집계!$H$2:$H$1001)/SUMIF(담보별집계!$B$2:$B$1001,$A28,담보별집계!$G$2:$G$1001))) -> 0.42532482 | F28: =IF($A28="","",IF(N(SUMIF(담보별집계!$B$2:$B$1001,$A28,담보별집계!$G$2:$G$1001))=0,"",B28/SUMIF(담보별집계!$B$2:$B$1001,$A28,담보별집계!$G$2:$G$1001)-1)) -> 0.19401751 | G28: =IF(OR(D28="",E28=""),"",D28-E28) -> -0.01295154
A29: =IFERROR(INDEX(담보별집계!$B$2:$B$1001,MATCH(11,담보별집계!$AC$2:$AC$1001,0)),"") | B29: =IF($A29="","",SUMIF(담보별집계!$B$2:$B$1001,$A29,담보별집계!$D$2:$D$1001)) | C29: =IF($A29="","",SUMIF(담보별집계!$B$2:$B$1001,$A29,담보별집계!$E$2:$E$1001)) | D29: =IF(N(B29)=0,"",C29/B29) | E29: =IF($A29="","",IF(N(SUMIF(담보별집계!$B$2:$B$1001,$A29,담보별집계!$G$2:$G$1001))=0,"",SUMIF(담보별집계!$B$2:$B$1001,$A29,담보별집계!$H$2:$H$1001)/SUMIF(담보별집계!$B$2:$B$1001,$A29,담보별집계!$G$2:$G$1001))) | F29: =IF($A29="","",IF(N(SUMIF(담보별집계!$B$2:$B$1001,$A29,담보별집계!$G$2:$G$1001))=0,"",B29/SUMIF(담보별집계!$B$2:$B$1001,$A29,담보별집계!$G$2:$G$1001)-1)) | G29: =IF(OR(D29="",E29=""),"",D29-E29)
A30: =IFERROR(INDEX(담보별집계!$B$2:$B$1001,MATCH(12,담보별집계!$AC$2:$AC$1001,0)),"") | B30: =IF($A30="","",SUMIF(담보별집계!$B$2:$B$1001,$A30,담보별집계!$D$2:$D$1001)) | C30: =IF($A30="","",SUMIF(담보별집계!$B$2:$B$1001,$A30,담보별집계!$E$2:$E$1001)) | D30: =IF(N(B30)=0,"",C30/B30) | E30: =IF($A30="","",IF(N(SUMIF(담보별집계!$B$2:$B$1001,$A30,담보별집계!$G$2:$G$1001))=0,"",SUMIF(담보별집계!$B$2:$B$1001,$A30,담보별집계!$H$2:$H$1001)/SUMIF(담보별집계!$B$2:$B$1001,$A30,담보별집계!$G$2:$G$1001))) | F30: =IF($A30="","",IF(N(SUMIF(담보별집계!$B$2:$B$1001,$A30,담보별집계!$G$2:$G$1001))=0,"",B30/SUMIF(담보별집계!$B$2:$B$1001,$A30,담보별집계!$G$2:$G$1001)-1)) | G30: =IF(OR(D30="",E30=""),"",D30-E30)
A31: =IFERROR(INDEX(담보별집계!$B$2:$B$1001,MATCH(13,담보별집계!$AC$2:$AC$1001,0)),"") | B31: =IF($A31="","",SUMIF(담보별집계!$B$2:$B$1001,$A31,담보별집계!$D$2:$D$1001)) | C31: =IF($A31="","",SUMIF(담보별집계!$B$2:$B$1001,$A31,담보별집계!$E$2:$E$1001)) | D31: =IF(N(B31)=0,"",C31/B31) | E31: =IF($A31="","",IF(N(SUMIF(담보별집계!$B$2:$B$1001,$A31,담보별집계!$G$2:$G$1001))=0,"",SUMIF(담보별집계!$B$2:$B$1001,$A31,담보별집계!$H$2:$H$1001)/SUMIF(담보별집계!$B$2:$B$1001,$A31,담보별집계!$G$2:$G$1001))) | F31: =IF($A31="","",IF(N(SUMIF(담보별집계!$B$2:$B$1001,$A31,담보별집계!$G$2:$G$1001))=0,"",B31/SUMIF(담보별집계!$B$2:$B$1001,$A31,담보별집계!$G$2:$G$1001)-1)) | G31: =IF(OR(D31="",E31=""),"",D31-E31)
A32: =IFERROR(INDEX(담보별집계!$B$2:$B$1001,MATCH(14,담보별집계!$AC$2:$AC$1001,0)),"") | B32: =IF($A32="","",SUMIF(담보별집계!$B$2:$B$1001,$A32,담보별집계!$D$2:$D$1001)) | C32: =IF($A32="","",SUMIF(담보별집계!$B$2:$B$1001,$A32,담보별집계!$E$2:$E$1001)) | D32: =IF(N(B32)=0,"",C32/B32) | E32: =IF($A32="","",IF(N(SUMIF(담보별집계!$B$2:$B$1001,$A32,담보별집계!$G$2:$G$1001))=0,"",SUMIF(담보별집계!$B$2:$B$1001,$A32,담보별집계!$H$2:$H$1001)/SUMIF(담보별집계!$B$2:$B$1001,$A32,담보별집계!$G$2:$G$1001))) | F32: =IF($A32="","",IF(N(SUMIF(담보별집계!$B$2:$B$1001,$A32,담보별집계!$G$2:$G$1001))=0,"",B32/SUMIF(담보별집계!$B$2:$B$1001,$A32,담보별집계!$G$2:$G$1001)-1)) | G32: =IF(OR(D32="",E32=""),"",D32-E32)
A33: =IFERROR(INDEX(담보별집계!$B$2:$B$1001,MATCH(15,담보별집계!$AC$2:$AC$1001,0)),"") | B33: =IF($A33="","",SUMIF(담보별집계!$B$2:$B$1001,$A33,담보별집계!$D$2:$D$1001)) | C33: =IF($A33="","",SUMIF(담보별집계!$B$2:$B$1001,$A33,담보별집계!$E$2:$E$1001)) | D33: =IF(N(B33)=0,"",C33/B33) | E33: =IF($A33="","",IF(N(SUMIF(담보별집계!$B$2:$B$1001,$A33,담보별집계!$G$2:$G$1001))=0,"",SUMIF(담보별집계!$B$2:$B$1001,$A33,담보별집계!$H$2:$H$1001)/SUMIF(담보별집계!$B$2:$B$1001,$A33,담보별집계!$G$2:$G$1001))) | F33: =IF($A33="","",IF(N(SUMIF(담보별집계!$B$2:$B$1001,$A33,담보별집계!$G$2:$G$1001))=0,"",B33/SUMIF(담보별집계!$B$2:$B$1001,$A33,담보별집계!$G$2:$G$1001)-1)) | G33: =IF(OR(D33="",E33=""),"",D33-E33)
A34: =IFERROR(INDEX(담보별집계!$B$2:$B$1001,MATCH(16,담보별집계!$AC$2:$AC$1001,0)),"") | B34: =IF($A34="","",SUMIF(담보별집계!$B$2:$B$1001,$A34,담보별집계!$D$2:$D$1001)) | C34: =IF($A34="","",SUMIF(담보별집계!$B$2:$B$1001,$A34,담보별집계!$E$2:$E$1001)) | D34: =IF(N(B34)=0,"",C34/B34) | E34: =IF($A34="","",IF(N(SUMIF(담보별집계!$B$2:$B$1001,$A34,담보별집계!$G$2:$G$1001))=0,"",SUMIF(담보별집계!$B$2:$B$1001,$A34,담보별집계!$H$2:$H$1001)/SUMIF(담보별집계!$B$2:$B$1001,$A34,담보별집계!$G$2:$G$1001))) | F34: =IF($A34="","",IF(N(SUMIF(담보별집계!$B$2:$B$1001,$A34,담보별집계!$G$2:$G$1001))=0,"",B34/SUMIF(담보별집계!$B$2:$B$1001,$A34,담보별집계!$G$2:$G$1001)-1)) | G34: =IF(OR(D34="",E34=""),"",D34-E34)
A35: =IFERROR(INDEX(담보별집계!$B$2:$B$1001,MATCH(17,담보별집계!$AC$2:$AC$1001,0)),"") | B35: =IF($A35="","",SUMIF(담보별집계!$B$2:$B$1001,$A35,담보별집계!$D$2:$D$1001)) | C35: =IF($A35="","",SUMIF(담보별집계!$B$2:$B$1001,$A35,담보별집계!$E$2:$E$1001)) | D35: =IF(N(B35)=0,"",C35/B35) | E35: =IF($A35="","",IF(N(SUMIF(담보별집계!$B$2:$B$1001,$A35,담보별집계!$G$2:$G$1001))=0,"",SUMIF(담보별집계!$B$2:$B$1001,$A35,담보별집계!$H$2:$H$1001)/SUMIF(담보별집계!$B$2:$B$1001,$A35,담보별집계!$G$2:$G$1001))) | F35: =IF($A35="","",IF(N(SUMIF(담보별집계!$B$2:$B$1001,$A35,담보별집계!$G$2:$G$1001))=0,"",B35/SUMIF(담보별집계!$B$2:$B$1001,$A35,담보별집계!$G$2:$G$1001)-1)) | G35: =IF(OR(D35="",E35=""),"",D35-E35)
A36: =IFERROR(INDEX(담보별집계!$B$2:$B$1001,MATCH(18,담보별집계!$AC$2:$AC$1001,0)),"") | B36: =IF($A36="","",SUMIF(담보별집계!$B$2:$B$1001,$A36,담보별집계!$D$2:$D$1001)) | C36: =IF($A36="","",SUMIF(담보별집계!$B$2:$B$1001,$A36,담보별집계!$E$2:$E$1001)) | D36: =IF(N(B36)=0,"",C36/B36) | E36: =IF($A36="","",IF(N(SUMIF(담보별집계!$B$2:$B$1001,$A36,담보별집계!$G$2:$G$1001))=0,"",SUMIF(담보별집계!$B$2:$B$1001,$A36,담보별집계!$H$2:$H$1001)/SUMIF(담보별집계!$B$2:$B$1001,$A36,담보별집계!$G$2:$G$1001))) | F36: =IF($A36="","",IF(N(SUMIF(담보별집계!$B$2:$B$1001,$A36,담보별집계!$G$2:$G$1001))=0,"",B36/SUMIF(담보별집계!$B$2:$B$1001,$A36,담보별집계!$G$2:$G$1001)-1)) | G36: =IF(OR(D36="",E36=""),"",D36-E36)
A37: =IFERROR(INDEX(담보별집계!$B$2:$B$1001,MATCH(19,담보별집계!$AC$2:$AC$1001,0)),"") | B37: =IF($A37="","",SUMIF(담보별집계!$B$2:$B$1001,$A37,담보별집계!$D$2:$D$1001)) | C37: =IF($A37="","",SUMIF(담보별집계!$B$2:$B$1001,$A37,담보별집계!$E$2:$E$1001)) | D37: =IF(N(B37)=0,"",C37/B37) | E37: =IF($A37="","",IF(N(SUMIF(담보별집계!$B$2:$B$1001,$A37,담보별집계!$G$2:$G$1001))=0,"",SUMIF(담보별집계!$B$2:$B$1001,$A37,담보별집계!$H$2:$H$1001)/SUMIF(담보별집계!$B$2:$B$1001,$A37,담보별집계!$G$2:$G$1001))) | F37: =IF($A37="","",IF(N(SUMIF(담보별집계!$B$2:$B$1001,$A37,담보별집계!$G$2:$G$1001))=0,"",B37/SUMIF(담보별집계!$B$2:$B$1001,$A37,담보별집계!$G$2:$G$1001)-1)) | G37: =IF(OR(D37="",E37=""),"",D37-E37)
A38: =IFERROR(INDEX(담보별집계!$B$2:$B$1001,MATCH(20,담보별집계!$AC$2:$AC$1001,0)),"") | B38: =IF($A38="","",SUMIF(담보별집계!$B$2:$B$1001,$A38,담보별집계!$D$2:$D$1001)) | C38: =IF($A38="","",SUMIF(담보별집계!$B$2:$B$1001,$A38,담보별집계!$E$2:$E$1001)) | D38: =IF(N(B38)=0,"",C38/B38) | E38: =IF($A38="","",IF(N(SUMIF(담보별집계!$B$2:$B$1001,$A38,담보별집계!$G$2:$G$1001))=0,"",SUMIF(담보별집계!$B$2:$B$1001,$A38,담보별집계!$H$2:$H$1001)/SUMIF(담보별집계!$B$2:$B$1001,$A38,담보별집계!$G$2:$G$1001))) | F38: =IF($A38="","",IF(N(SUMIF(담보별집계!$B$2:$B$1001,$A38,담보별집계!$G$2:$G$1001))=0,"",B38/SUMIF(담보별집계!$B$2:$B$1001,$A38,담보별집계!$G$2:$G$1001)-1)) | G38: =IF(OR(D38="",E38=""),"",D38-E38)
A39: =IF(AND(ROUND((SUMIFS(raw_data!$H:$H,raw_data!$A:$A,">="&UY_START,raw_data!$A:$A,"<="&BASE_YM,raw_data!$B:$B,"<="&BASE_YM)-SUM(담보별집계!$D$2:$D$1001)),0)=0,ROUND((SUMIFS(raw_data!$H:$H,raw_data!$A:$A,">="&UY_START_PY,raw_data!$A:$A,"<="&BASE_YM_PY,raw_data!$B:$B,"<="&BASE_YM_PY)-SUM(담보별집계!$G$2:$G$1001)),0)=0),"","(미매핑)") -> (미매핑) | B39: =IF($A39="","",(SUMIFS(raw_data!$H:$H,raw_data!$A:$A,">="&UY_START,raw_data!$A:$A,"<="&BASE_YM,raw_data!$B:$B,"<="&BASE_YM)-SUM(담보별집계!$D$2:$D$1001))) -> 5913829 | C39: =IF($A39="","",((SUMIFS(raw_data!$I:$I,raw_data!$A:$A,">="&UY_START,raw_data!$A:$A,"<="&BASE_YM,raw_data!$B:$B,"<="&BASE_YM)+SUMIFS(raw_data!$J:$J,raw_data!$A:$A,">="&UY_START,raw_data!$A:$A,"<="&BASE_YM,raw_data!$B:$B,"<="&BASE_YM))-SUM(담보별집계!$E$2:$E$1001))) -> 4691304 | D39: =IF(N(B39)=0,"",C39/B39) -> 0.79327691 | E39: =IF($A39="","",IF(N((SUMIFS(raw_data!$H:$H,raw_data!$A:$A,">="&UY_START_PY,raw_data!$A:$A,"<="&BASE_YM_PY,raw_data!$B:$B,"<="&BASE_YM_PY)-SUM(담보별집계!$G$2:$G$1001)))=0,"",((SUMIFS(raw_data!$I:$I,raw_data!$A:$A,">="&UY_START_PY,raw_data!$A:$A,"<="&BASE_YM_PY,raw_data!$B:$B,"<="&BASE_YM_PY)+SUMIFS(raw_data!$J:$J,raw_data!$A:$A,">="&UY_START_PY,raw_data!$A:$A,"<="&BASE_YM_PY,raw_data!$B:$B,"<="&BASE_YM_PY))-SUM(담보별집계!$H$2:$H$1001))/(SUMIFS(raw_data!$H:$H,raw_data!$A:$A,">="&UY_START_PY,raw_data!$A:$A,"<="&BASE_YM_PY,raw_data!$B:$B,"<="&BASE_YM_PY)-SUM(담보별집계!$G$2:$G$1001)))) | F39: =IF($A39="","",IF(N((SUMIFS(raw_data!$H:$H,raw_data!$A:$A,">="&UY_START_PY,raw_data!$A:$A,"<="&BASE_YM_PY,raw_data!$B:$B,"<="&BASE_YM_PY)-SUM(담보별집계!$G$2:$G$1001)))=0,"",B39/(SUMIFS(raw_data!$H:$H,raw_data!$A:$A,">="&UY_START_PY,raw_data!$A:$A,"<="&BASE_YM_PY,raw_data!$B:$B,"<="&BASE_YM_PY)-SUM(담보별집계!$G$2:$G$1001))-1)) | G39: =IF(OR(D39="",E39=""),"",D39-E39)
A41: ="3. CY 당월 손해율 ("&PERIOD_CY&")" -> 3. CY 당월 손해율 (2025.09 마감월)
A42: 3-1. 심사유형별
A43: 심사유형 | B43: 위험보험료 | C43: 손해액 | D43: 손해율 | E43: 전년 손해율 | F43: 위험보험료 증감률 | G43: 손해율 증감(p)
A44: 일반 | B44: =SUMIFS(raw_data!$H:$H,raw_data!$B:$B,BASE_YM,raw_data!$F:$F,$A44) -> 5668267238 | C44: =(SUMIFS(raw_data!$I:$I,raw_data!$B:$B,BASE_YM,raw_data!$F:$F,$A44)+SUMIFS(raw_data!$J:$J,raw_data!$B:$B,BASE_YM,raw_data!$F:$F,$A44)) -> 3529999362 | D44: =IF(N(B44)=0,"",C44/B44) -> 0.62276516 | E44: =IF(N(SUMIFS(raw_data!$H:$H,raw_data!$B:$B,BASE_YM_PY,raw_data!$F:$F,$A44))=0,"",(SUMIFS(raw_data!$I:$I,raw_data!$B:$B,BASE_YM_PY,raw_data!$F:$F,$A44)+SUMIFS(raw_data!$J:$J,raw_data!$B:$B,BASE_YM_PY,raw_data!$F:$F,$A44))/SUMIFS(raw_data!$H:$H,raw_data!$B:$B,BASE_YM_PY,raw_data!$F:$F,$A44)) -> 0.65068308 | F44: =IF(N(SUMIFS(raw_data!$H:$H,raw_data!$B:$B,BASE_YM_PY,raw_data!$F:$F,$A44))=0,"",B44/SUMIFS(raw_data!$H:$H,raw_data!$B:$B,BASE_YM_PY,raw_data!$F:$F,$A44)-1) -> 0.083161223 | G44: =IF(OR(D44="",E44=""),"",D44-E44) -> -0.027917919
A45: 간편 | B45: =SUMIFS(raw_data!$H:$H,raw_data!$B:$B,BASE_YM,raw_data!$F:$F,$A45) -> 2559855924 | C45: =(SUMIFS(raw_data!$I:$I,raw_data!$B:$B,BASE_YM,raw_data!$F:$F,$A45)+SUMIFS(raw_data!$J:$J,raw_data!$B:$B,BASE_YM,raw_data!$F:$F,$A45)) -> 1832010966 | D45: =IF(N(B45)=0,"",C45/B45) -> 0.71566956 | E45: =IF(N(SUMIFS(raw_data!$H:$H,raw_data!$B:$B,BASE_YM_PY,raw_data!$F:$F,$A45))=0,"",(SUMIFS(raw_data!$I:$I,raw_data!$B:$B,BASE_YM_PY,raw_data!$F:$F,$A45)+SUMIFS(raw_data!$J:$J,raw_data!$B:$B,BASE_YM_PY,raw_data!$F:$F,$A45))/SUMIFS(raw_data!$H:$H,raw_data!$B:$B,BASE_YM_PY,raw_data!$F:$F,$A45)) -> 0.74381431 | F45: =IF(N(SUMIFS(raw_data!$H:$H,raw_data!$B:$B,BASE_YM_PY,raw_data!$F:$F,$A45))=0,"",B45/SUMIFS(raw_data!$H:$H,raw_data!$B:$B,BASE_YM_PY,raw_data!$F:$F,$A45)-1) -> 0.09457711 | G45: =IF(OR(D45="",E45=""),"",D45-E45) -> -0.028144753
A47: 3-2. 대급부별
A48: 대급부명 | B48: 위험보험료 | C48: 손해액 | D48: 손해율 | E48: 전년 손해율 | F48: 위험보험료 증감률 | G48: 손해율 증감(p)
A49: =IFERROR(INDEX(담보별집계!$B$2:$B$1001,MATCH(1,담보별집계!$AC$2:$AC$1001,0)),"") -> 사망 | B49: =IF($A49="","",SUMIF(담보별집계!$B$2:$B$1001,$A49,담보별집계!$L$2:$L$1001)) -> 2227784161 | C49: =IF($A49="","",SUMIF(담보별집계!$B$2:$B$1001,$A49,담보별집계!$M$2:$M$1001)) -> 1026223686 | D49: =IF(N(B49)=0,"",C49/B49) -> 0.46064772 | E49: =IF($A49="","",IF(N(SUMIF(담보별집계!$B$2:$B$1001,$A49,담보별집계!$O$2:$O$1001))=0,"",SUMIF(담보별집계!$B$2:$B$1001,$A49,담보별집계!$P$2:$P$1001)/SUMIF(담보별집계!$B$2:$B$1001,$A49,담보별집계!$O$2:$O$1001))) -> 0.48847634 | F49: =IF($A49="","",IF(N(SUMIF(담보별집계!$B$2:$B$1001,$A49,담보별집계!$O$2:$O$1001))=0,"",B49/SUMIF(담보별집계!$B$2:$B$1001,$A49,담보별집계!$O$2:$O$1001)-1)) -> 0.086239312 | G49: =IF(OR(D49="",E49=""),"",D49-E49) -> -0.027828621
A50: =IFERROR(INDEX(담보별집계!$B$2:$B$1001,MATCH(2,담보별집계!$AC$2:$AC$1001,0)),"") -> 암 | B50: =IF($A50="","",SUMIF(담보별집계!$B$2:$B$1001,$A50,담보별집계!$L$2:$L$1001)) -> 1281026194 | C50: =IF($A50="","",SUMIF(담보별집계!$B$2:$B$1001,$A50,담보별집계!$M$2:$M$1001)) -> 837893567 | D50: =IF(N(B50)=0,"",C50/B50) -> 0.65407996 | E50: =IF($A50="","",IF(N(SUMIF(담보별집계!$B$2:$B$1001,$A50,담보별집계!$O$2:$O$1001))=0,"",SUMIF(담보별집계!$B$2:$B$1001,$A50,담보별집계!$P$2:$P$1001)/SUMIF(담보별집계!$B$2:$B$1001,$A50,담보별집계!$O$2:$O$1001))) -> 0.66842215 | F50: =IF($A50="","",IF(N(SUMIF(담보별집계!$B$2:$B$1001,$A50,담보별집계!$O$2:$O$1001))=0,"",B50/SUMIF(담보별집계!$B$2:$B$1001,$A50,담보별집계!$O$2:$O$1001)-1)) -> 0.10597793 | G50: =IF(OR(D50="",E50=""),"",D50-E50) -> -0.014342183
A51: =IFERROR(INDEX(담보별집계!$B$2:$B$1001,MATCH(3,담보별집계!$AC$2:$AC$1001,0)),"") -> 실손의료 | B51: =IF($A51="","",SUMIF(담보별집계!$B$2:$B$1001,$A51,담보별집계!$L$2:$L$1001)) -> 1069003568 | C51: =IF($A51="","",SUMIF(담보별집계!$B$2:$B$1001,$A51,담보별집계!$M$2:$M$1001)) -> 1039096712 | D51: =IF(N(B51)=0,"",C51/B51) -> 0.97202361 | E51: =IF($A51="","",IF(N(SUMIF(담보별집계!$B$2:$B$1001,$A51,담보별집계!$O$2:$O$1001))=0,"",SUMIF(담보별집계!$B$2:$B$1001,$A51,담보별집계!$P$2:$P$1001)/SUMIF(담보별집계!$B$2:$B$1001,$A51,담보별집계!$O$2:$O$1001))) -> 0.98871467 | F51: =IF($A51="","",IF(N(SUMIF(담보별집계!$B$2:$B$1001,$A51,담보별집계!$O$2:$O$1001))=0,"",B51/SUMIF(담보별집계!$B$2:$B$1001,$A51,담보별집계!$O$2:$O$1001)-1)) -> 0.092816728 | G51: =IF(OR(D51="",E51=""),"",D51-E51) -> -0.016691059
A52: =IFERROR(INDEX(담보별집계!$B$2:$B$1001,MATCH(4,담보별집계!$AC$2:$AC$1001,0)),"") -> 수술 | B52: =IF($A52="","",SUMIF(담보별집계!$B$2:$B$1001,$A52,담보별집계!$L$2:$L$1001)) -> 840878692 | C52: =IF($A52="","",SUMIF(담보별집계!$B$2:$B$1001,$A52,담보별집계!$M$2:$M$1001)) -> 620136929 | D52: =IF(N(B52)=0,"",C52/B52) -> 0.73748679 | E52: =IF($A52="","",IF(N(SUMIF(담보별집계!$B$2:$B$1001,$A52,담보별집계!$O$2:$O$1001))=0,"",SUMIF(담보별집계!$B$2:$B$1001,$A52,담보별집계!$P$2:$P$1001)/SUMIF(담보별집계!$B$2:$B$1001,$A52,담보별집계!$O$2:$O$1001))) -> 0.74054632 | F52: =IF($A52="","",IF(N(SUMIF(담보별집계!$B$2:$B$1001,$A52,담보별집계!$O$2:$O$1001))=0,"",B52/SUMIF(담보별집계!$B$2:$B$1001,$A52,담보별집계!$O$2:$O$1001)-1)) -> 0.12804345 | G52: =IF(OR(D52="",E52=""),"",D52-E52) -> -0.0030595257
A53: =IFERROR(INDEX(담보별집계!$B$2:$B$1001,MATCH(5,담보별집계!$AC$2:$AC$1001,0)),"") -> 심장 | B53: =IF($A53="","",SUMIF(담보별집계!$B$2:$B$1001,$A53,담보별집계!$L$2:$L$1001)) -> 759228997 | C53: =IF($A53="","",SUMIF(담보별집계!$B$2:$B$1001,$A53,담보별집계!$M$2:$M$1001)) -> 433347614 | D53: =IF(N(B53)=0,"",C53/B53) -> 0.57077327 | E53: =IF($A53="","",IF(N(SUMIF(담보별집계!$B$2:$B$1001,$A53,담보별집계!$O$2:$O$1001))=0,"",SUMIF(담보별집계!$B$2:$B$1001,$A53,담보별집계!$P$2:$P$1001)/SUMIF(담보별집계!$B$2:$B$1001,$A53,담보별집계!$O$2:$O$1001))) -> 0.57172338 | F53: =IF($A53="","",IF(N(SUMIF(담보별집계!$B$2:$B$1001,$A53,담보별집계!$O$2:$O$1001))=0,"",B53/SUMIF(담보별집계!$B$2:$B$1001,$A53,담보별집계!$O$2:$O$1001)-1)) -> 0.10040156 | G53: =IF(OR(D53="",E53=""),"",D53-E53) -> -0.00095011471
A54: =IFERROR(INDEX(담보별집계!$B$2:$B$1001,MATCH(6,담보별집계!$AC$2:$AC$1001,0)),"") -> 뇌혈관 | B54: =IF($A54="","",SUMIF(담보별집계!$B$2:$B$1001,$A54,담보별집계!$L$2:$L$1001)) -> 650040066 | C54: =IF($A54="","",SUMIF(담보별집계!$B$2:$B$1001,$A54,담보별집계!$M$2:$M$1001)) -> 400914085 | D54: =IF(N(B54)=0,"",C54/B54) -> 0.61675288 | E54: =IF($A54="","",IF(N(SUMIF(담보별집계!$B$2:$B$1001,$A54,담보별집계!$O$2:$O$1001))=0,"",SUMIF(담보별집계!$B$2:$B$1001,$A54,담보별집계!$P$2:$P$1001)/SUMIF(담보별집계!$B$2:$B$1001,$A54,담보별집계!$O$2:$O$1001))) -> 0.60219754 | F54: =IF($A54="","",IF(N(SUMIF(담보별집계!$B$2:$B$1001,$A54,담보별집계!$O$2:$O$1001))=0,"",B54/SUMIF(담보별집계!$B$2:$B$1001,$A54,담보별집계!$O$2:$O$1001)-1)) -> -0.0009791384 | G54: =IF(OR(D54="",E54=""),"",D54-E54) -> 0.014555343
A55: =IFERROR(INDEX(담보별집계!$B$2:$B$1001,MATCH(7,담보별집계!$AC$2:$AC$1001,0)),"") -> 상해 | B55: =IF($A55="","",SUMIF(담보별집계!$B$2:$B$1001,$A55,담보별집계!$L$2:$L$1001)) -> 564955971 | C55: =IF($A55="","",SUMIF(담보별집계!$B$2:$B$1001,$A55,담보별집계!$M$2:$M$1001)) -> 410828798 | D55: =IF(N(B55)=0,"",C55/B55) -> 0.72718728 | E55: =IF($A55="","",IF(N(SUMIF(담보별집계!$B$2:$B$1001,$A55,담보별집계!$O$2:$O$1001))=0,"",SUMIF(담보별집계!$B$2:$B$1001,$A55,담보별집계!$P$2:$P$1001)/SUMIF(담보별집계!$B$2:$B$1001,$A55,담보별집계!$O$2:$O$1001))) -> 0.78363826 | F55: =IF($A55="","",IF(N(SUMIF(담보별집계!$B$2:$B$1001,$A55,담보별집계!$O$2:$O$1001))=0,"",B55/SUMIF(담보별집계!$B$2:$B$1001,$A55,담보별집계!$O$2:$O$1001)-1)) -> 0.12295841 | G55: =IF(OR(D55="",E55=""),"",D55-E55) -> -0.056450977
A56: =IFERROR(INDEX(담보별집계!$B$2:$B$1001,MATCH(8,담보별집계!$AC$2:$AC$1001,0)),"") -> 치아 | B56: =IF($A56="","",SUMIF(담보별집계!$B$2:$B$1001,$A56,담보별집계!$L$2:$L$1001)) -> 338577660 | C56: =IF($A56="","",SUMIF(담보별집계!$B$2:$B$1001,$A56,담보별집계!$M$2:$M$1001)) -> 256032766 | D56: =IF(N(B56)=0,"",C56/B56) -> 0.756201 | E56: =IF($A56="","",IF(N(SUMIF(담보별집계!$B$2:$B$1001,$A56,담보별집계!$O$2:$O$1001))=0,"",SUMIF(담보별집계!$B$2:$B$1001,$A56,담보별집계!$P$2:$P$1001)/SUMIF(담보별집계!$B$2:$B$1001,$A56,담보별집계!$O$2:$O$1001))) -> 0.91328505 | F56: =IF($A56="","",IF(N(SUMIF(담보별집계!$B$2:$B$1001,$A56,담보별집계!$O$2:$O$1001))=0,"",B56/SUMIF(담보별집계!$B$2:$B$1001,$A56,담보별집계!$O$2:$O$1001)-1)) -> -0.1027425 | G56: =IF(OR(D56="",E56=""),"",D56-E56) -> -0.15708405
A57: =IFERROR(INDEX(담보별집계!$B$2:$B$1001,MATCH(9,담보별집계!$AC$2:$AC$1001,0)),"") -> 입원 | B57: =IF($A57="","",SUMIF(담보별집계!$B$2:$B$1001,$A57,담보별집계!$L$2:$L$1001)) -> 309561996 | C57: =IF($A57="","",SUMIF(담보별집계!$B$2:$B$1001,$A57,담보별집계!$M$2:$M$1001)) -> 239441000 | D57: =IF(N(B57)=0,"",C57/B57) -> 0.77348319 | E57: =IF($A57="","",IF(N(SUMIF(담보별집계!$B$2:$B$1001,$A57,담보별집계!$O$2:$O$1001))=0,"",SUMIF(담보별집계!$B$2:$B$1001,$A57,담보별집계!$P$2:$P$1001)/SUMIF(담보별집계!$B$2:$B$1001,$A57,담보별집계!$O$2:$O$1001))) -> 0.91658217 | F57: =IF($A57="","",IF(N(SUMIF(담보별집계!$B$2:$B$1001,$A57,담보별집계!$O$2:$O$1001))=0,"",B57/SUMIF(담보별집계!$B$2:$B$1001,$A57,담보별집계!$O$2:$O$1001)-1)) -> 0.12610916 | G57: =IF(OR(D57="",E57=""),"",D57-E57) -> -0.14309898
A58: =IFERROR(INDEX(담보별집계!$B$2:$B$1001,MATCH(10,담보별집계!$AC$2:$AC$1001,0)),"") -> 기타 | B58: =IF($A58="","",SUMIF(담보별집계!$B$2:$B$1001,$A58,담보별집계!$L$2:$L$1001)) -> 183817891 | C58: =IF($A58="","",SUMIF(담보별집계!$B$2:$B$1001,$A58,담보별집계!$M$2:$M$1001)) -> 94630407 | D58: =IF(N(B58)=0,"",C58/B58) -> 0.5148052 | E58: =IF($A58="","",IF(N(SUMIF(담보별집계!$B$2:$B$1001,$A58,담보별집계!$O$2:$O$1001))=0,"",SUMIF(담보별집계!$B$2:$B$1001,$A58,담보별집계!$P$2:$P$1001)/SUMIF(담보별집계!$B$2:$B$1001,$A58,담보별집계!$O$2:$O$1001))) -> 0.50536893 | F58: =IF($A58="","",IF(N(SUMIF(담보별집계!$B$2:$B$1001,$A58,담보별집계!$O$2:$O$1001))=0,"",B58/SUMIF(담보별집계!$B$2:$B$1001,$A58,담보별집계!$O$2:$O$1001)-1)) -> 0.28591282 | G58: =IF(OR(D58="",E58=""),"",D58-E58) -> 0.0094362752
A59: =IFERROR(INDEX(담보별집계!$B$2:$B$1001,MATCH(11,담보별집계!$AC$2:$AC$1001,0)),"") | B59: =IF($A59="","",SUMIF(담보별집계!$B$2:$B$1001,$A59,담보별집계!$L$2:$L$1001)) | C59: =IF($A59="","",SUMIF(담보별집계!$B$2:$B$1001,$A59,담보별집계!$M$2:$M$1001)) | D59: =IF(N(B59)=0,"",C59/B59) | E59: =IF($A59="","",IF(N(SUMIF(담보별집계!$B$2:$B$1001,$A59,담보별집계!$O$2:$O$1001))=0,"",SUMIF(담보별집계!$B$2:$B$1001,$A59,담보별집계!$P$2:$P$1001)/SUMIF(담보별집계!$B$2:$B$1001,$A59,담보별집계!$O$2:$O$1001))) | F59: =IF($A59="","",IF(N(SUMIF(담보별집계!$B$2:$B$1001,$A59,담보별집계!$O$2:$O$1001))=0,"",B59/SUMIF(담보별집계!$B$2:$B$1001,$A59,담보별집계!$O$2:$O$1001)-1)) | G59: =IF(OR(D59="",E59=""),"",D59-E59)
A60: =IFERROR(INDEX(담보별집계!$B$2:$B$1001,MATCH(12,담보별집계!$AC$2:$AC$1001,0)),"") | B60: =IF($A60="","",SUMIF(담보별집계!$B$2:$B$1001,$A60,담보별집계!$L$2:$L$1001)) | C60: =IF($A60="","",SUMIF(담보별집계!$B$2:$B$1001,$A60,담보별집계!$M$2:$M$1001)) | D60: =IF(N(B60)=0,"",C60/B60) | E60: =IF($A60="","",IF(N(SUMIF(담보별집계!$B$2:$B$1001,$A60,담보별집계!$O$2:$O$1001))=0,"",SUMIF(담보별집계!$B$2:$B$1001,$A60,담보별집계!$P$2:$P$1001)/SUMIF(담보별집계!$B$2:$B$1001,$A60,담보별집계!$O$2:$O$1001))) | F60: =IF($A60="","",IF(N(SUMIF(담보별집계!$B$2:$B$1001,$A60,담보별집계!$O$2:$O$1001))=0,"",B60/SUMIF(담보별집계!$B$2:$B$1001,$A60,담보별집계!$O$2:$O$1001)-1)) | G60: =IF(OR(D60="",E60=""),"",D60-E60)
A61: =IFERROR(INDEX(담보별집계!$B$2:$B$1001,MATCH(13,담보별집계!$AC$2:$AC$1001,0)),"") | B61: =IF($A61="","",SUMIF(담보별집계!$B$2:$B$1001,$A61,담보별집계!$L$2:$L$1001)) | C61: =IF($A61="","",SUMIF(담보별집계!$B$2:$B$1001,$A61,담보별집계!$M$2:$M$1001)) | D61: =IF(N(B61)=0,"",C61/B61) | E61: =IF($A61="","",IF(N(SUMIF(담보별집계!$B$2:$B$1001,$A61,담보별집계!$O$2:$O$1001))=0,"",SUMIF(담보별집계!$B$2:$B$1001,$A61,담보별집계!$P$2:$P$1001)/SUMIF(담보별집계!$B$2:$B$1001,$A61,담보별집계!$O$2:$O$1001))) | F61: =IF($A61="","",IF(N(SUMIF(담보별집계!$B$2:$B$1001,$A61,담보별집계!$O$2:$O$1001))=0,"",B61/SUMIF(담보별집계!$B$2:$B$1001,$A61,담보별집계!$O$2:$O$1001)-1)) | G61: =IF(OR(D61="",E61=""),"",D61-E61)
A62: =IFERROR(INDEX(담보별집계!$B$2:$B$1001,MATCH(14,담보별집계!$AC$2:$AC$1001,0)),"") | B62: =IF($A62="","",SUMIF(담보별집계!$B$2:$B$1001,$A62,담보별집계!$L$2:$L$1001)) | C62: =IF($A62="","",SUMIF(담보별집계!$B$2:$B$1001,$A62,담보별집계!$M$2:$M$1001)) | D62: =IF(N(B62)=0,"",C62/B62) | E62: =IF($A62="","",IF(N(SUMIF(담보별집계!$B$2:$B$1001,$A62,담보별집계!$O$2:$O$1001))=0,"",SUMIF(담보별집계!$B$2:$B$1001,$A62,담보별집계!$P$2:$P$1001)/SUMIF(담보별집계!$B$2:$B$1001,$A62,담보별집계!$O$2:$O$1001))) | F62: =IF($A62="","",IF(N(SUMIF(담보별집계!$B$2:$B$1001,$A62,담보별집계!$O$2:$O$1001))=0,"",B62/SUMIF(담보별집계!$B$2:$B$1001,$A62,담보별집계!$O$2:$O$1001)-1)) | G62: =IF(OR(D62="",E62=""),"",D62-E62)
A63: =IFERROR(INDEX(담보별집계!$B$2:$B$1001,MATCH(15,담보별집계!$AC$2:$AC$1001,0)),"") | B63: =IF($A63="","",SUMIF(담보별집계!$B$2:$B$1001,$A63,담보별집계!$L$2:$L$1001)) | C63: =IF($A63="","",SUMIF(담보별집계!$B$2:$B$1001,$A63,담보별집계!$M$2:$M$1001)) | D63: =IF(N(B63)=0,"",C63/B63) | E63: =IF($A63="","",IF(N(SUMIF(담보별집계!$B$2:$B$1001,$A63,담보별집계!$O$2:$O$1001))=0,"",SUMIF(담보별집계!$B$2:$B$1001,$A63,담보별집계!$P$2:$P$1001)/SUMIF(담보별집계!$B$2:$B$1001,$A63,담보별집계!$O$2:$O$1001))) | F63: =IF($A63="","",IF(N(SUMIF(담보별집계!$B$2:$B$1001,$A63,담보별집계!$O$2:$O$1001))=0,"",B63/SUMIF(담보별집계!$B$2:$B$1001,$A63,담보별집계!$O$2:$O$1001)-1)) | G63: =IF(OR(D63="",E63=""),"",D63-E63)
A64: =IFERROR(INDEX(담보별집계!$B$2:$B$1001,MATCH(16,담보별집계!$AC$2:$AC$1001,0)),"") | B64: =IF($A64="","",SUMIF(담보별집계!$B$2:$B$1001,$A64,담보별집계!$L$2:$L$1001)) | C64: =IF($A64="","",SUMIF(담보별집계!$B$2:$B$1001,$A64,담보별집계!$M$2:$M$1001)) | D64: =IF(N(B64)=0,"",C64/B64) | E64: =IF($A64="","",IF(N(SUMIF(담보별집계!$B$2:$B$1001,$A64,담보별집계!$O$2:$O$1001))=0,"",SUMIF(담보별집계!$B$2:$B$1001,$A64,담보별집계!$P$2:$P$1001)/SUMIF(담보별집계!$B$2:$B$1001,$A64,담보별집계!$O$2:$O$1001))) | F64: =IF($A64="","",IF(N(SUMIF(담보별집계!$B$2:$B$1001,$A64,담보별집계!$O$2:$O$1001))=0,"",B64/SUMIF(담보별집계!$B$2:$B$1001,$A64,담보별집계!$O$2:$O$1001)-1)) | G64: =IF(OR(D64="",E64=""),"",D64-E64)
A65: =IFERROR(INDEX(담보별집계!$B$2:$B$1001,MATCH(17,담보별집계!$AC$2:$AC$1001,0)),"") | B65: =IF($A65="","",SUMIF(담보별집계!$B$2:$B$1001,$A65,담보별집계!$L$2:$L$1001)) | C65: =IF($A65="","",SUMIF(담보별집계!$B$2:$B$1001,$A65,담보별집계!$M$2:$M$1001)) | D65: =IF(N(B65)=0,"",C65/B65) | E65: =IF($A65="","",IF(N(SUMIF(담보별집계!$B$2:$B$1001,$A65,담보별집계!$O$2:$O$1001))=0,"",SUMIF(담보별집계!$B$2:$B$1001,$A65,담보별집계!$P$2:$P$1001)/SUMIF(담보별집계!$B$2:$B$1001,$A65,담보별집계!$O$2:$O$1001))) | F65: =IF($A65="","",IF(N(SUMIF(담보별집계!$B$2:$B$1001,$A65,담보별집계!$O$2:$O$1001))=0,"",B65/SUMIF(담보별집계!$B$2:$B$1001,$A65,담보별집계!$O$2:$O$1001)-1)) | G65: =IF(OR(D65="",E65=""),"",D65-E65)
A66: =IFERROR(INDEX(담보별집계!$B$2:$B$1001,MATCH(18,담보별집계!$AC$2:$AC$1001,0)),"") | B66: =IF($A66="","",SUMIF(담보별집계!$B$2:$B$1001,$A66,담보별집계!$L$2:$L$1001)) | C66: =IF($A66="","",SUMIF(담보별집계!$B$2:$B$1001,$A66,담보별집계!$M$2:$M$1001)) | D66: =IF(N(B66)=0,"",C66/B66) | E66: =IF($A66="","",IF(N(SUMIF(담보별집계!$B$2:$B$1001,$A66,담보별집계!$O$2:$O$1001))=0,"",SUMIF(담보별집계!$B$2:$B$1001,$A66,담보별집계!$P$2:$P$1001)/SUMIF(담보별집계!$B$2:$B$1001,$A66,담보별집계!$O$2:$O$1001))) | F66: =IF($A66="","",IF(N(SUMIF(담보별집계!$B$2:$B$1001,$A66,담보별집계!$O$2:$O$1001))=0,"",B66/SUMIF(담보별집계!$B$2:$B$1001,$A66,담보별집계!$O$2:$O$1001)-1)) | G66: =IF(OR(D66="",E66=""),"",D66-E66)
A67: =IFERROR(INDEX(담보별집계!$B$2:$B$1001,MATCH(19,담보별집계!$AC$2:$AC$1001,0)),"") | B67: =IF($A67="","",SUMIF(담보별집계!$B$2:$B$1001,$A67,담보별집계!$L$2:$L$1001)) | C67: =IF($A67="","",SUMIF(담보별집계!$B$2:$B$1001,$A67,담보별집계!$M$2:$M$1001)) | D67: =IF(N(B67)=0,"",C67/B67) | E67: =IF($A67="","",IF(N(SUMIF(담보별집계!$B$2:$B$1001,$A67,담보별집계!$O$2:$O$1001))=0,"",SUMIF(담보별집계!$B$2:$B$1001,$A67,담보별집계!$P$2:$P$1001)/SUMIF(담보별집계!$B$2:$B$1001,$A67,담보별집계!$O$2:$O$1001))) | F67: =IF($A67="","",IF(N(SUMIF(담보별집계!$B$2:$B$1001,$A67,담보별집계!$O$2:$O$1001))=0,"",B67/SUMIF(담보별집계!$B$2:$B$1001,$A67,담보별집계!$O$2:$O$1001)-1)) | G67: =IF(OR(D67="",E67=""),"",D67-E67)
A68: =IFERROR(INDEX(담보별집계!$B$2:$B$1001,MATCH(20,담보별집계!$AC$2:$AC$1001,0)),"") | B68: =IF($A68="","",SUMIF(담보별집계!$B$2:$B$1001,$A68,담보별집계!$L$2:$L$1001)) | C68: =IF($A68="","",SUMIF(담보별집계!$B$2:$B$1001,$A68,담보별집계!$M$2:$M$1001)) | D68: =IF(N(B68)=0,"",C68/B68) | E68: =IF($A68="","",IF(N(SUMIF(담보별집계!$B$2:$B$1001,$A68,담보별집계!$O$2:$O$1001))=0,"",SUMIF(담보별집계!$B$2:$B$1001,$A68,담보별집계!$P$2:$P$1001)/SUMIF(담보별집계!$B$2:$B$1001,$A68,담보별집계!$O$2:$O$1001))) | F68: =IF($A68="","",IF(N(SUMIF(담보별집계!$B$2:$B$1001,$A68,담보별집계!$O$2:$O$1001))=0,"",B68/SUMIF(담보별집계!$B$2:$B$1001,$A68,담보별집계!$O$2:$O$1001)-1)) | G68: =IF(OR(D68="",E68=""),"",D68-E68)
A69: =IF(AND(ROUND((SUMIFS(raw_data!$H:$H,raw_data!$B:$B,BASE_YM)-SUM(담보별집계!$L$2:$L$1001)),0)=0,ROUND((SUMIFS(raw_data!$H:$H,raw_data!$B:$B,BASE_YM_PY)-SUM(담보별집계!$O$2:$O$1001)),0)=0),"","(미매핑)") -> (미매핑) | B69: =IF($A69="","",(SUMIFS(raw_data!$H:$H,raw_data!$B:$B,BASE_YM)-SUM(담보별집계!$L$2:$L$1001))) -> 3247966 | C69: =IF($A69="","",((SUMIFS(raw_data!$I:$I,raw_data!$B:$B,BASE_YM)+SUMIFS(raw_data!$J:$J,raw_data!$B:$B,BASE_YM))-SUM(담보별집계!$M$2:$M$1001))) -> 3464764 | D69: =IF(N(B69)=0,"",C69/B69) -> 1.0667489 | E69: =IF($A69="","",IF(N((SUMIFS(raw_data!$H:$H,raw_data!$B:$B,BASE_YM_PY)-SUM(담보별집계!$O$2:$O$1001)))=0,"",((SUMIFS(raw_data!$I:$I,raw_data!$B:$B,BASE_YM_PY)+SUMIFS(raw_data!$J:$J,raw_data!$B:$B,BASE_YM_PY))-SUM(담보별집계!$P$2:$P$1001))/(SUMIFS(raw_data!$H:$H,raw_data!$B:$B,BASE_YM_PY)-SUM(담보별집계!$O$2:$O$1001)))) | F69: =IF($A69="","",IF(N((SUMIFS(raw_data!$H:$H,raw_data!$B:$B,BASE_YM_PY)-SUM(담보별집계!$O$2:$O$1001)))=0,"",B69/(SUMIFS(raw_data!$H:$H,raw_data!$B:$B,BASE_YM_PY)-SUM(담보별집계!$O$2:$O$1001))-1)) | G69: =IF(OR(D69="",E69=""),"",D69-E69)

Sheet Top20
A1: 담보별 Top 20 (금액 단위: 백만원)
A3: UY 누적 · 위험보험료 상위 20 담보
A4: 순위 | B4: 담보코드 | C4: 대급부명 | D4: 담보명 | E4: 위험보험료 | F4: 위험보험료 증감률 | G4: 손해율(%) | H4: 전동기 대비 증감(p)
A5: =IF($J5="","",K5) -> 1 | B5: =IF($J5="","",INDEX(담보별집계!$A$2:$A$1001,$J5)) -> CV0284 | C5: =IF($J5="","",INDEX(담보별집계!$B$2:$B$1001,$J5)) -> 암 | D5: =IF($J5="","",INDEX(담보별집계!$C$2:$C$1001,$J5)) -> 암직접치료비(20년만기) | E5: =IF($J5="","",INDEX(담보별집계!$D$2:$D$1001,$J5)) -> 482230328 | F5: =IF($J5="","",INDEX(담보별집계!$J$2:$J$1001,$J5)) -> 0.095710436 | G5: =IF($J5="","",INDEX(담보별집계!$F$2:$F$1001,$J5)) -> 0.50694378 | H5: =IF($J5="","",INDEX(담보별집계!$K$2:$K$1001,$J5)) -> -0.0017021316 | J5: =IFERROR(MATCH(K5,담보별집계!$T$2:$T$1001,0),"") -> 284 | K5: 1
A6: =IF($J6="","",K6) -> 2 | B6: =IF($J6="","",INDEX(담보별집계!$A$2:$A$1001,$J6)) -> CV0023 | C6: =IF($J6="","",INDEX(담보별집계!$B$2:$B$1001,$J6)) -> 치아 | D6: =IF($J6="","",INDEX(담보별집계!$C$2:$C$1001,$J6)) -> 보철치료비 | E6: =IF($J6="","",INDEX(담보별집계!$D$2:$D$1001,$J6)) -> 409513554 | F6: =IF($J6="","",INDEX(담보별집계!$J$2:$J$1001,$J6)) -> -0.24652761 | G6: =IF($J6="","",INDEX(담보별집계!$F$2:$F$1001,$J6)) -> 0.65231608 | H6: =IF($J6="","",INDEX(담보별집계!$K$2:$K$1001,$J6)) -> -0.14026435 | J6: =IFERROR(MATCH(K6,담보별집계!$T$2:$T$1001,0),"") -> 23 | K6: 2
A7: =IF($J7="","",K7) -> 3 | B7: =IF($J7="","",INDEX(담보별집계!$A$2:$A$1001,$J7)) -> CV0112 | C7: =IF($J7="","",INDEX(담보별집계!$B$2:$B$1001,$J7)) -> 사망 | D7: =IF($J7="","",INDEX(담보별집계!$C$2:$C$1001,$J7)) -> 재해사망(20년만기) | E7: =IF($J7="","",INDEX(담보별집계!$D$2:$D$1001,$J7)) -> 377431586 | F7: =IF($J7="","",INDEX(담보별집계!$J$2:$J$1001,$J7)) -> 0.12481095 | G7: =IF($J7="","",INDEX(담보별집계!$F$2:$F$1001,$J7)) -> 0.20157945 | H7: =IF($J7="","",INDEX(담보별집계!$K$2:$K$1001,$J7)) -> -0.0362236 | J7: =IFERROR(MATCH(K7,담보별집계!$T$2:$T$1001,0),"") -> 112 | K7: 3
A8: =IF($J8="","",K8) -> 4 | B8: =IF($J8="","",INDEX(담보별집계!$A$2:$A$1001,$J8)) -> CV0362 | C8: =IF($J8="","",INDEX(담보별집계!$B$2:$B$1001,$J8)) -> 사망 | D8: =IF($J8="","",INDEX(담보별집계!$C$2:$C$1001,$J8)) -> 상해사망(비갱신형) | E8: =IF($J8="","",INDEX(담보별집계!$D$2:$D$1001,$J8)) -> 336882807 | F8: =IF($J8="","",INDEX(담보별집계!$J$2:$J$1001,$J8)) -> 0.3073042 | G8: =IF($J8="","",INDEX(담보별집계!$F$2:$F$1001,$J8)) -> 0.31136228 | H8: =IF($J8="","",INDEX(담보별집계!$K$2:$K$1001,$J8)) -> -0.082420577 | J8: =IFERROR(MATCH(K8,담보별집계!$T$2:$T$1001,0),"") -> 362 | K8: 4
A9: =IF($J9="","",K9) -> 5 | B9: =IF($J9="","",INDEX(담보별집계!$A$2:$A$1001,$J9)) -> CV0402 | C9: =IF($J9="","",INDEX(담보별집계!$B$2:$B$1001,$J9)) -> 실손의료 | D9: =IF($J9="","",INDEX(담보별집계!$C$2:$C$1001,$J9)) -> 상해통원실손Ⅱ | E9: =IF($J9="","",INDEX(담보별집계!$D$2:$D$1001,$J9)) -> 314303274 | F9: =IF($J9="","",INDEX(담보별집계!$J$2:$J$1001,$J9)) -> 0.10469068 | G9: =IF($J9="","",INDEX(담보별집계!$F$2:$F$1001,$J9)) -> 0.58793059 | H9: =IF($J9="","",INDEX(담보별집계!$K$2:$K$1001,$J9)) -> -0.1685554 | J9: =IFERROR(MATCH(K9,담보별집계!$T$2:$T$1001,0),"") -> 402 | K9: 5
A10: =IF($J10="","",K10) -> 6 | B10: =IF($J10="","",INDEX(담보별집계!$A$2:$A$1001,$J10)) -> CV0357 | C10: =IF($J10="","",INDEX(담보별집계!$B$2:$B$1001,$J10)) -> 상해 | D10: =IF($J10="","",INDEX(담보별집계!$C$2:$C$1001,$J10)) -> 골절진단비(갱신형) | E10: =IF($J10="","",INDEX(담보별집계!$D$2:$D$1001,$J10)) -> 286373818 | F10: =IF($J10="","",INDEX(담보별집계!$J$2:$J$1001,$J10)) -> 0.11306016 | G10: =IF($J10="","",INDEX(담보별집계!$F$2:$F$1001,$J10)) -> 0.59732202 | H10: =IF($J10="","",INDEX(담보별집계!$K$2:$K$1001,$J10)) -> -0.15762657 | J10: =IFERROR(MATCH(K10,담보별집계!$T$2:$T$1001,0),"") -> 357 | K10: 6
A11: =IF($J11="","",K11) -> 7 | B11: =IF($J11="","",INDEX(담보별집계!$A$2:$A$1001,$J11)) -> CV0291 | C11: =IF($J11="","",INDEX(담보별집계!$B$2:$B$1001,$J11)) -> 실손의료 | D11: =IF($J11="","",INDEX(담보별집계!$C$2:$C$1001,$J11)) -> 상해통원실손(간편) | E11: =IF($J11="","",INDEX(담보별집계!$D$2:$D$1001,$J11)) -> 277833941 | F11: =IF($J11="","",INDEX(담보별집계!$J$2:$J$1001,$J11)) -> 0.042526985 | G11: =IF($J11="","",INDEX(담보별집계!$F$2:$F$1001,$J11)) -> 0.96744271 | H11: =IF($J11="","",INDEX(담보별집계!$K$2:$K$1001,$J11)) -> 0.030753753 | J11: =IFERROR(MATCH(K11,담보별집계!$T$2:$T$1001,0),"") -> 291 | K11: 7
A12: =IF($J12="","",K12) -> 8 | B12: =IF($J12="","",INDEX(담보별집계!$A$2:$A$1001,$J12)) -> CV0154 | C12: =IF($J12="","",INDEX(담보별집계!$B$2:$B$1001,$J12)) -> 심장 | D12: =IF($J12="","",INDEX(담보별집계!$C$2:$C$1001,$J12)) -> 허혈성심장질환진단비(간편) | E12: =IF($J12="","",INDEX(담보별집계!$D$2:$D$1001,$J12)) -> 271147484 | F12: =IF($J12="","",INDEX(담보별집계!$J$2:$J$1001,$J12)) -> -0.018609888 | G12: =IF($J12="","",INDEX(담보별집계!$F$2:$F$1001,$J12)) -> 0.44361194 | H12: =IF($J12="","",INDEX(담보별집계!$K$2:$K$1001,$J12)) -> -0.021652145 | J12: =IFERROR(MATCH(K12,담보별집계!$T$2:$T$1001,0),"") -> 154 | K12: 8
A13: =IF($J13="","",K13) -> 9 | B13: =IF($J13="","",INDEX(담보별집계!$A$2:$A$1001,$J13)) -> CV0392 | C13: =IF($J13="","",INDEX(담보별집계!$B$2:$B$1001,$J13)) -> 사망 | D13: =IF($J13="","",INDEX(담보별집계!$C$2:$C$1001,$J13)) -> 상해사망(20년만기) | E13: =IF($J13="","",INDEX(담보별집계!$D$2:$D$1001,$J13)) -> 266363499 | F13: =IF($J13="","",INDEX(담보별집계!$J$2:$J$1001,$J13)) -> -0.047762792 | G13: =IF($J13="","",INDEX(담보별집계!$F$2:$F$1001,$J13)) -> 0.44850861 | H13: =IF($J13="","",INDEX(담보별집계!$K$2:$K$1001,$J13)) -> -0.02331265 | J13: =IFERROR(MATCH(K13,담보별집계!$T$2:$T$1001,0),"") -> 392 | K13: 9
A14: =IF($J14="","",K14) -> 10 | B14: =IF($J14="","",INDEX(담보별집계!$A$2:$A$1001,$J14)) -> CV0422 | C14: =IF($J14="","",INDEX(담보별집계!$B$2:$B$1001,$J14)) -> 사망 | D14: =IF($J14="","",INDEX(담보별집계!$C$2:$C$1001,$J14)) -> 재해사망(20년만기) | E14: =IF($J14="","",INDEX(담보별집계!$D$2:$D$1001,$J14)) -> 234352815 | F14: =IF($J14="","",INDEX(담보별집계!$J$2:$J$1001,$J14)) -> 0.080841883 | G14: =IF($J14="","",INDEX(담보별집계!$F$2:$F$1001,$J14)) -> 0.2767586 | H14: =IF($J14="","",INDEX(담보별집계!$K$2:$K$1001,$J14)) -> -0.015339637 | J14: =IFERROR(MATCH(K14,담보별집계!$T$2:$T$1001,0),"") -> 422 | K14: 10
A15: =IF($J15="","",K15) -> 11 | B15: =IF($J15="","",INDEX(담보별집계!$A$2:$A$1001,$J15)) -> CV0141 | C15: =IF($J15="","",INDEX(담보별집계!$B$2:$B$1001,$J15)) -> 심장 | D15: =IF($J15="","",INDEX(담보별집계!$C$2:$C$1001,$J15)) -> 심혈관질환진단비(비갱신형) | E15: =IF($J15="","",INDEX(담보별집계!$D$2:$D$1001,$J15)) -> 224383715 | F15: =IF($J15="","",INDEX(담보별집계!$J$2:$J$1001,$J15)) -> 0.22140953 | G15: =IF($J15="","",INDEX(담보별집계!$F$2:$F$1001,$J15)) -> 0.40461669 | H15: =IF($J15="","",INDEX(담보별집계!$K$2:$K$1001,$J15)) -> -0.077196315 | J15: =IFERROR(MATCH(K15,담보별집계!$T$2:$T$1001,0),"") -> 141 | K15: 11
A16: =IF($J16="","",K16) -> 12 | B16: =IF($J16="","",INDEX(담보별집계!$A$2:$A$1001,$J16)) -> CV0234 | C16: =IF($J16="","",INDEX(담보별집계!$B$2:$B$1001,$J16)) -> 수술 | D16: =IF($J16="","",INDEX(담보별집계!$C$2:$C$1001,$J16)) -> 특정질병수술비Ⅱ | E16: =IF($J16="","",INDEX(담보별집계!$D$2:$D$1001,$J16)) -> 221739809 | F16: =IF($J16="","",INDEX(담보별집계!$J$2:$J$1001,$J16)) -> 0.19115419 | G16: =IF($J16="","",INDEX(담보별집계!$F$2:$F$1001,$J16)) -> 0.76550283 | H16: =IF($J16="","",INDEX(담보별집계!$K$2:$K$1001,$J16)) -> 0.10808499 | J16: =IFERROR(MATCH(K16,담보별집계!$T$2:$T$1001,0),"") -> 234 | K16: 12
... A24: =IF($J24="","",K24) -> 20 | B24: =IF($J24="","",INDEX(담보별집계!$A$2:$A$1001,$J24)) -> CV0086 | C24: =IF($J24="","",INDEX(담보별집계!$B$2:$B$1001,$J24)) -> 사망 | D24: =IF($J24="","",INDEX(담보별집계!$C$2:$C$1001,$J24)) -> 질병사망(20년만기) | E24: =IF($J24="","",INDEX(담보별집계!$D$2:$D$1001,$J24)) -> 156513392 | F24: =IF($J24="","",INDEX(담보별집계!$J$2:$J$1001,$J24)) -> 0.14490678 | G24: =IF($J24="","",INDEX(담보별집계!$F$2:$F$1001,$J24)) -> 0.49760039 | H24: =IF($J24="","",INDEX(담보별집계!$K$2:$K$1001,$J24)) -> 0.029045773 | J24: =IFERROR(MATCH(K24,담보별집계!$T$2:$T$1001,0),"") -> 86 | K24: 20
A27: UY 누적 · 손해율 상위 20 담보
A28: 순위 | B28: 담보코드 | C28: 대급부명 | D28: 담보명 | E28: 위험보험료 | F28: 위험보험료 증감률 | G28: 손해율(%) | H28: 전동기 대비 증감(p)
A29: =IF($J29="","",K29) -> 1 | B29: =IF($J29="","",INDEX(담보별집계!$A$2:$A$1001,$J29)) -> CV0543 | C29: =IF($J29="","",INDEX(담보별집계!$B$2:$B$1001,$J29)) -> 실손의료 | D29: =IF($J29="","",INDEX(담보별집계!$C$2:$C$1001,$J29)) -> 질병입원실손Ⅱ | E29: =IF($J29="","",INDEX(담보별집계!$D$2:$D$1001,$J29)) -> 23339768 | F29: =IF($J29="","",INDEX(담보별집계!$J$2:$J$1001,$J29)) -> -0.051053581 | G29: =IF($J29="","",INDEX(담보별집계!$F$2:$F$1001,$J29)) -> 1.5657617 | H29: =IF($J29="","",INDEX(담보별집계!$K$2:$K$1001,$J29)) -> 0.014826439 | J29: =IFERROR(MATCH(K29,담보별집계!$V$2:$V$1001,0),"") -> 543 | K29: 1
A30: =IF($J30="","",K30) -> 2 | B30: =IF($J30="","",INDEX(담보별집계!$A$2:$A$1001,$J30)) -> CV0420 | C30: =IF($J30="","",INDEX(담보별집계!$B$2:$B$1001,$J30)) -> 실손의료 | D30: =IF($J30="","",INDEX(담보별집계!$C$2:$C$1001,$J30)) -> 질병입원실손(20년만기) | E30: =IF($J30="","",INDEX(담보별집계!$D$2:$D$1001,$J30)) -> 17727837 | F30: =IF($J30="","",INDEX(담보별집계!$J$2:$J$1001,$J30)) -> 0.23920575 | G30: =IF($J30="","",INDEX(담보별집계!$F$2:$F$1001,$J30)) -> 1.4575917 | H30: =IF($J30="","",INDEX(담보별집계!$K$2:$K$1001,$J30)) -> 0.54403604 | J30: =IFERROR(MATCH(K30,담보별집계!$V$2:$V$1001,0),"") -> 420 | K30: 2
A31: =IF($J31="","",K31) -> 3 | B31: =IF($J31="","",INDEX(담보별집계!$A$2:$A$1001,$J31)) -> CV0336 | C31: =IF($J31="","",INDEX(담보별집계!$B$2:$B$1001,$J31)) -> 수술 | D31: =IF($J31="","",INDEX(담보별집계!$C$2:$C$1001,$J31)) -> 상해수술비(비갱신형) | E31: =IF($J31="","",INDEX(담보별집계!$D$2:$D$1001,$J31)) -> 10729501 | F31: =IF($J31="","",INDEX(담보별집계!$J$2:$J$1001,$J31)) -> 0.37531539 | G31: =IF($J31="","",INDEX(담보별집계!$F$2:$F$1001,$J31)) -> 1.3074616 | H31: =IF($J31="","",INDEX(담보별집계!$K$2:$K$1001,$J31)) -> 0.22305539 | J31: =IFERROR(MATCH(K31,담보별집계!$V$2:$V$1001,0),"") -> 336 | K31: 3
A32: =IF($J32="","",K32) -> 4 | B32: =IF($J32="","",INDEX(담보별집계!$A$2:$A$1001,$J32)) -> CV0406 | C32: =IF($J32="","",INDEX(담보별집계!$B$2:$B$1001,$J32)) -> 실손의료 | D32: =IF($J32="","",INDEX(담보별집계!$C$2:$C$1001,$J32)) -> 상해입원실손(간편) | E32: =IF($J32="","",INDEX(담보별집계!$D$2:$D$1001,$J32)) -> 47388754 | F32: =IF($J32="","",INDEX(담보별집계!$J$2:$J$1001,$J32)) -> -0.15637779 | G32: =IF($J32="","",INDEX(담보별집계!$F$2:$F$1001,$J32)) -> 1.2778622 | H32: =IF($J32="","",INDEX(담보별집계!$K$2:$K$1001,$J32)) -> 0.19934698 | J32: =IFERROR(MATCH(K32,담보별집계!$V$2:$V$1001,0),"") -> 406 | K32: 4
A33: =IF($J33="","",K33) -> 5 | B33: =IF($J33="","",INDEX(담보별집계!$A$2:$A$1001,$J33)) -> CV0061 | C33: =IF($J33="","",INDEX(담보별집계!$B$2:$B$1001,$J33)) -> 수술 | D33: =IF($J33="","",INDEX(담보별집계!$C$2:$C$1001,$J33)) -> 1~5종수술비Ⅱ | E33: =IF($J33="","",INDEX(담보별집계!$D$2:$D$1001,$J33)) -> 20009296 | F33: =IF($J33="","",INDEX(담보별집계!$J$2:$J$1001,$J33)) -> 0.049146619 | G33: =IF($J33="","",INDEX(담보별집계!$F$2:$F$1001,$J33)) -> 1.2476808 | H33: =IF($J33="","",INDEX(담보별집계!$K$2:$K$1001,$J33)) -> -0.11635183 | J33: =IFERROR(MATCH(K33,담보별집계!$V$2:$V$1001,0),"") -> 61 | K33: 5
A34: =IF($J34="","",K34) -> 6 | B34: =IF($J34="","",INDEX(담보별집계!$A$2:$A$1001,$J34)) -> CV0003 | C34: =IF($J34="","",INDEX(담보별집계!$B$2:$B$1001,$J34)) -> 실손의료 | D34: =IF($J34="","",INDEX(담보별집계!$C$2:$C$1001,$J34)) -> 질병통원실손 | E34: =IF($J34="","",INDEX(담보별집계!$D$2:$D$1001,$J34)) -> 36894923 | F34: =IF($J34="","",INDEX(담보별집계!$J$2:$J$1001,$J34)) -> 0.30494303 | G34: =IF($J34="","",INDEX(담보별집계!$F$2:$F$1001,$J34)) -> 1.1411641 | H34: =IF($J34="","",INDEX(담보별집계!$K$2:$K$1001,$J34)) -> -0.010854226 | J34: =IFERROR(MATCH(K34,담보별집계!$V$2:$V$1001,0),"") -> 3 | K34: 6
A35: =IF($J35="","",K35) -> 7 | B35: =IF($J35="","",INDEX(담보별집계!$A$2:$A$1001,$J35)) -> CV0507 | C35: =IF($J35="","",INDEX(담보별집계!$B$2:$B$1001,$J35)) -> 암 | D35: =IF($J35="","",INDEX(담보별집계!$C$2:$C$1001,$J35)) -> 암진단비 | E35: =IF($J35="","",INDEX(담보별집계!$D$2:$D$1001,$J35)) -> 16184375 | F35: =IF($J35="","",INDEX(담보별집계!$J$2:$J$1001,$J35)) -> -0.17520403 | G35: =IF($J35="","",INDEX(담보별집계!$F$2:$F$1001,$J35)) -> 1.126451 | H35: =IF($J35="","",INDEX(담보별집계!$K$2:$K$1001,$J35)) -> 0.18405587 | J35: =IFERROR(MATCH(K35,담보별집계!$V$2:$V$1001,0),"") -> 507 | K35: 7
A36: =IF($J36="","",K36) -> 8 | B36: =IF($J36="","",INDEX(담보별집계!$A$2:$A$1001,$J36)) -> CV0174 | C36: =IF($J36="","",INDEX(담보별집계!$B$2:$B$1001,$J36)) -> 실손의료 | D36: =IF($J36="","",INDEX(담보별집계!$C$2:$C$1001,$J36)) -> 질병통원실손(간편) | E36: =IF($J36="","",INDEX(담보별집계!$D$2:$D$1001,$J36)) -> 49626274 | F36: =IF($J36="","",INDEX(담보별집계!$J$2:$J$1001,$J36)) -> 0.27702305 | G36: =IF($J36="","",INDEX(담보별집계!$F$2:$F$1001,$J36)) -> 1.1119436 | H36: =IF($J36="","",INDEX(담보별집계!$K$2:$K$1001,$J36)) -> -0.31024256 | J36: =IFERROR(MATCH(K36,담보별집계!$V$2:$V$1001,0),"") -> 174 | K36: 8
A37: =IF($J37="","",K37) -> 9 | B37: =IF($J37="","",INDEX(담보별집계!$A$2:$A$1001,$J37)) -> CV0370 | C37: =IF($J37="","",INDEX(담보별집계!$B$2:$B$1001,$J37)) -> 실손의료 | D37: =IF($J37="","",INDEX(담보별집계!$C$2:$C$1001,$J37)) -> 상해입원실손(20년만기) | E37: =IF($J37="","",INDEX(담보별집계!$D$2:$D$1001,$J37)) -> 23364152 | F37: =IF($J37="","",INDEX(담보별집계!$J$2:$J$1001,$J37)) -> 0.093124895 | G37: =IF($J37="","",INDEX(담보별집계!$F$2:$F$1001,$J37)) -> 1.0984771 | H37: =IF($J37="","",INDEX(담보별집계!$K$2:$K$1001,$J37)) -> -0.023244636 | J37: =IFERROR(MATCH(K37,담보별집계!$V$2:$V$1001,0),"") -> 370 | K37: 9
A38: =IF($J38="","",K38) -> 10 | B38: =IF($J38="","",INDEX(담보별집계!$A$2:$A$1001,$J38)) -> CV0168 | C38: =IF($J38="","",INDEX(담보별집계!$B$2:$B$1001,$J38)) -> 실손의료 | D38: =IF($J38="","",INDEX(담보별집계!$C$2:$C$1001,$J38)) -> 질병통원실손Ⅱ | E38: =IF($J38="","",INDEX(담보별집계!$D$2:$D$1001,$J38)) -> 38394622 | F38: =IF($J38="","",INDEX(담보별집계!$J$2:$J$1001,$J38)) -> 0.35208066 | G38: =IF($J38="","",INDEX(담보별집계!$F$2:$F$1001,$J38)) -> 1.05969 | H38: =IF($J38="","",INDEX(담보별집계!$K$2:$K$1001,$J38)) -> 0.0023076092 | J38: =IFERROR(MATCH(K38,담보별집계!$V$2:$V$1001,0),"") -> 168 | K38: 10
A39: =IF($J39="","",K39) -> 11 | B39: =IF($J39="","",INDEX(담보별집계!$A$2:$A$1001,$J39)) -> CV0030 | C39: =IF($J39="","",INDEX(담보별집계!$B$2:$B$1001,$J39)) -> 입원 | D39: =IF($J39="","",INDEX(담보별집계!$C$2:$C$1001,$J39)) -> 중환자실입원일당(20년만기) | E39: =IF($J39="","",INDEX(담보별집계!$D$2:$D$1001,$J39)) -> 22004986 | F39: =IF($J39="","",INDEX(담보별집계!$J$2:$J$1001,$J39)) -> 0.075486387 | G39: =IF($J39="","",INDEX(담보별집계!$F$2:$F$1001,$J39)) -> 1.0474387 | H39: =IF($J39="","",INDEX(담보별집계!$K$2:$K$1001,$J39)) -> 0.063056118 | J39: =IFERROR(MATCH(K39,담보별집계!$V$2:$V$1001,0),"") -> 30 | K39: 11
A40: =IF($J40="","",K40) -> 12 | B40: =IF($J40="","",INDEX(담보별집계!$A$2:$A$1001,$J40)) -> CV0046 | C40: =IF($J40="","",INDEX(담보별집계!$B$2:$B$1001,$J40)) -> 실손의료 | D40: =IF($J40="","",INDEX(담보별집계!$C$2:$C$1001,$J40)) -> 상해입원실손(20년만기) | E40: =IF($J40="","",INDEX(담보별집계!$D$2:$D$1001,$J40)) -> 83796719 | F40: =IF($J40="","",INDEX(담보별집계!$J$2:$J$1001,$J40)) -> 0.21772737 | G40: =IF($J40="","",INDEX(담보별집계!$F$2:$F$1001,$J40)) -> 1.0249961 | H40: =IF($J40="","",INDEX(담보별집계!$K$2:$K$1001,$J40)) -> 0.28050954 | J40: =IFERROR(MATCH(K40,담보별집계!$V$2:$V$1001,0),"") -> 46 | K40: 12
... A48: =IF($J48="","",K48) -> 20 | B48: =IF($J48="","",INDEX(담보별집계!$A$2:$A$1001,$J48)) -> CV0214 | C48: =IF($J48="","",INDEX(담보별집계!$B$2:$B$1001,$J48)) -> 실손의료 | D48: =IF($J48="","",INDEX(담보별집계!$C$2:$C$1001,$J48)) -> 질병통원실손 | E48: =IF($J48="","",INDEX(담보별집계!$D$2:$D$1001,$J48)) -> 47013107 | F48: =IF($J48="","",INDEX(담보별집계!$J$2:$J$1001,$J48)) -> 0.22617101 | G48: =IF($J48="","",INDEX(담보별집계!$F$2:$F$1001,$J48)) -> 0.9816733 | H48: =IF($J48="","",INDEX(담보별집계!$K$2:$K$1001,$J48)) -> 0.15279525 | J48: =IFERROR(MATCH(K48,담보별집계!$V$2:$V$1001,0),"") -> 214 | K48: 20
A49: ="※ 위험보험료 비중 "&TEXT(LR_MIN_SHARE,"0.00%")&" 이상 담보 대상" -> ※ 위험보험료 비중 0.05% 이상 담보 대상
A51: CY 당월 · 위험보험료 상위 20 담보
A52: 순위 | B52: 담보코드 | C52: 대급부명 | D52: 담보명 | E52: 위험보험료 | F52: 위험보험료 증감률 | G52: 손해율(%) | H52: 전동기 대비 증감(p)
A53: =IF($J53="","",K53) -> 1 | B53: =IF($J53="","",INDEX(담보별집계!$A$2:$A$1001,$J53)) -> CV0284 | C53: =IF($J53="","",INDEX(담보별집계!$B$2:$B$1001,$J53)) -> 암 | D53: =IF($J53="","",INDEX(담보별집계!$C$2:$C$1001,$J53)) -> 암직접치료비(20년만기) | E53: =IF($J53="","",INDEX(담보별집계!$L$2:$L$1001,$J53)) -> 191592971 | F53: =IF($J53="","",INDEX(담보별집계!$R$2:$R$1001,$J53)) -> 0.15958724 | G53: =IF($J53="","",INDEX(담보별집계!$N$2:$N$1001,$J53)) -> 0.51617156 | H53: =IF($J53="","",INDEX(담보별집계!$S$2:$S$1001,$J53)) -> -0.17938051 | J53: =IFERROR(MATCH(K53,담보별집계!$W$2:$W$1001,0),"") -> 284 | K53: 1
A54: =IF($J54="","",K54) -> 2 | B54: =IF($J54="","",INDEX(담보별집계!$A$2:$A$1001,$J54)) -> CV0023 | C54: =IF($J54="","",INDEX(담보별집계!$B$2:$B$1001,$J54)) -> 치아 | D54: =IF($J54="","",INDEX(담보별집계!$C$2:$C$1001,$J54)) -> 보철치료비 | E54: =IF($J54="","",INDEX(담보별집계!$L$2:$L$1001,$J54)) -> 176457672 | F54: =IF($J54="","",INDEX(담보별집계!$R$2:$R$1001,$J54)) -> -0.20405173 | G54: =IF($J54="","",INDEX(담보별집계!$N$2:$N$1001,$J54)) -> 0.78042504 | H54: =IF($J54="","",INDEX(담보별집계!$S$2:$S$1001,$J54)) -> -0.25516439 | J54: =IFERROR(MATCH(K54,담보별집계!$W$2:$W$1001,0),"") -> 23 | K54: 2
A55: =IF($J55="","",K55) -> 3 | B55: =IF($J55="","",INDEX(담보별집계!$A$2:$A$1001,$J55)) -> CV0112 | C55: =IF($J55="","",INDEX(담보별집계!$B$2:$B$1001,$J55)) -> 사망 | D55: =IF($J55="","",INDEX(담보별집계!$C$2:$C$1001,$J55)) -> 재해사망(20년만기) | E55: =IF($J55="","",INDEX(담보별집계!$L$2:$L$1001,$J55)) -> 151389650 | F55: =IF($J55="","",INDEX(담보별집계!$R$2:$R$1001,$J55)) -> 0.089247964 | G55: =IF($J55="","",INDEX(담보별집계!$N$2:$N$1001,$J55)) -> 0.2155136 | H55: =IF($J55="","",INDEX(담보별집계!$S$2:$S$1001,$J55)) -> -0.097086096 | J55: =IFERROR(MATCH(K55,담보별집계!$W$2:$W$1001,0),"") -> 112 | K55: 3
A56: =IF($J56="","",K56) -> 4 | B56: =IF($J56="","",INDEX(담보별집계!$A$2:$A$1001,$J56)) -> CV0402 | C56: =IF($J56="","",INDEX(담보별집계!$B$2:$B$1001,$J56)) -> 실손의료 | D56: =IF($J56="","",INDEX(담보별집계!$C$2:$C$1001,$J56)) -> 상해통원실손Ⅱ | E56: =IF($J56="","",INDEX(담보별집계!$L$2:$L$1001,$J56)) -> 131987648 | F56: =IF($J56="","",INDEX(담보별집계!$R$2:$R$1001,$J56)) -> 0.13953672 | G56: =IF($J56="","",INDEX(담보별집계!$N$2:$N$1001,$J56)) -> 0.63949554 | H56: =IF($J56="","",INDEX(담보별집계!$S$2:$S$1001,$J56)) -> -0.36023776 | J56: =IFERROR(MATCH(K56,담보별집계!$W$2:$W$1001,0),"") -> 402 | K56: 4
A57: =IF($J57="","",K57) -> 5 | B57: =IF($J57="","",INDEX(담보별집계!$A$2:$A$1001,$J57)) -> CV0362 | C57: =IF($J57="","",INDEX(담보별집계!$B$2:$B$1001,$J57)) -> 사망 | D57: =IF($J57="","",INDEX(담보별집계!$C$2:$C$1001,$J57)) -> 상해사망(비갱신형) | E57: =IF($J57="","",INDEX(담보별집계!$L$2:$L$1001,$J57)) -> 131539471 | F57: =IF($J57="","",INDEX(담보별집계!$R$2:$R$1001,$J57)) -> 0.29336439 | G57: =IF($J57="","",INDEX(담보별집계!$N$2:$N$1001,$J57)) -> 0.35303285 | H57: =IF($J57="","",INDEX(담보별집계!$S$2:$S$1001,$J57)) -> -0.03653624 | J57: =IFERROR(MATCH(K57,담보별집계!$W$2:$W$1001,0),"") -> 362 | K57: 5
A58: =IF($J58="","",K58) -> 6 | B58: =IF($J58="","",INDEX(담보별집계!$A$2:$A$1001,$J58)) -> CV0357 | C58: =IF($J58="","",INDEX(담보별집계!$B$2:$B$1001,$J58)) -> 상해 | D58: =IF($J58="","",INDEX(담보별집계!$C$2:$C$1001,$J58)) -> 골절진단비(갱신형) | E58: =IF($J58="","",INDEX(담보별집계!$L$2:$L$1001,$J58)) -> 120655177 | F58: =IF($J58="","",INDEX(담보별집계!$R$2:$R$1001,$J58)) -> 0.20168339 | G58: =IF($J58="","",INDEX(담보별집계!$N$2:$N$1001,$J58)) -> 0.67520416 | H58: =IF($J58="","",INDEX(담보별집계!$S$2:$S$1001,$J58)) -> -0.24987371 | J58: =IFERROR(MATCH(K58,담보별집계!$W$2:$W$1001,0),"") -> 357 | K58: 6
A59: =IF($J59="","",K59) -> 7 | B59: =IF($J59="","",INDEX(담보별집계!$A$2:$A$1001,$J59)) -> CV0154 | C59: =IF($J59="","",INDEX(담보별집계!$B$2:$B$1001,$J59)) -> 심장 | D59: =IF($J59="","",INDEX(담보별집계!$C$2:$C$1001,$J59)) -> 허혈성심장질환진단비(간편) | E59: =IF($J59="","",INDEX(담보별집계!$L$2:$L$1001,$J59)) -> 112249604 | F59: =IF($J59="","",INDEX(담보별집계!$R$2:$R$1001,$J59)) -> 0.035168033 | G59: =IF($J59="","",INDEX(담보별집계!$N$2:$N$1001,$J59)) -> 0.57143238 | H59: =IF($J59="","",INDEX(담보별집계!$S$2:$S$1001,$J59)) -> 0.0063678063 | J59: =IFERROR(MATCH(K59,담보별집계!$W$2:$W$1001,0),"") -> 154 | K59: 7
A60: =IF($J60="","",K60) -> 8 | B60: =IF($J60="","",INDEX(담보별집계!$A$2:$A$1001,$J60)) -> CV0392 | C60: =IF($J60="","",INDEX(담보별집계!$B$2:$B$1001,$J60)) -> 사망 | D60: =IF($J60="","",INDEX(담보별집계!$C$2:$C$1001,$J60)) -> 상해사망(20년만기) | E60: =IF($J60="","",INDEX(담보별집계!$L$2:$L$1001,$J60)) -> 107254590 | F60: =IF($J60="","",INDEX(담보별집계!$R$2:$R$1001,$J60)) -> 0.0079713542 | G60: =IF($J60="","",INDEX(담보별집계!$N$2:$N$1001,$J60)) -> 0.50604566 | H60: =IF($J60="","",INDEX(담보별집계!$S$2:$S$1001,$J60)) -> -0.0061380098 | J60: =IFERROR(MATCH(K60,담보별집계!$W$2:$W$1001,0),"") -> 392 | K60: 8
A61: =IF($J61="","",K61) -> 9 | B61: =IF($J61="","",INDEX(담보별집계!$A$2:$A$1001,$J61)) -> CV0291 | C61: =IF($J61="","",INDEX(담보별집계!$B$2:$B$1001,$J61)) -> 실손의료 | D61: =IF($J61="","",INDEX(담보별집계!$C$2:$C$1001,$J61)) -> 상해통원실손(간편) | E61: =IF($J61="","",INDEX(담보별집계!$L$2:$L$1001,$J61)) -> 106054519 | F61: =IF($J61="","",INDEX(담보별집계!$R$2:$R$1001,$J61)) -> -0.036867154 | G61: =IF($J61="","",INDEX(담보별집계!$N$2:$N$1001,$J61)) -> 1.1907147 | H61: =IF($J61="","",INDEX(담보별집계!$S$2:$S$1001,$J61)) -> 0.17651512 | J61: =IFERROR(MATCH(K61,담보별집계!$W$2:$W$1001,0),"") -> 291 | K61: 9
A62: =IF($J62="","",K62) -> 10 | B62: =IF($J62="","",INDEX(담보별집계!$A$2:$A$1001,$J62)) -> CV0422 | C62: =IF($J62="","",INDEX(담보별집계!$B$2:$B$1001,$J62)) -> 사망 | D62: =IF($J62="","",INDEX(담보별집계!$C$2:$C$1001,$J62)) -> 재해사망(20년만기) | E62: =IF($J62="","",INDEX(담보별집계!$L$2:$L$1001,$J62)) -> 92224442 | F62: =IF($J62="","",INDEX(담보별집계!$R$2:$R$1001,$J62)) -> 0.11828586 | G62: =IF($J62="","",INDEX(담보별집계!$N$2:$N$1001,$J62)) -> 0.37264866 | H62: =IF($J62="","",INDEX(담보별집계!$S$2:$S$1001,$J62)) -> -0.050075795 | J62: =IFERROR(MATCH(K62,담보별집계!$W$2:$W$1001,0),"") -> 422 | K62: 10
A63: =IF($J63="","",K63) -> 11 | B63: =IF($J63="","",INDEX(담보별집계!$A$2:$A$1001,$J63)) -> CV0234 | C63: =IF($J63="","",INDEX(담보별집계!$B$2:$B$1001,$J63)) -> 수술 | D63: =IF($J63="","",INDEX(담보별집계!$C$2:$C$1001,$J63)) -> 특정질병수술비Ⅱ | E63: =IF($J63="","",INDEX(담보별집계!$L$2:$L$1001,$J63)) -> 91727676 | F63: =IF($J63="","",INDEX(담보별집계!$R$2:$R$1001,$J63)) -> 0.20614922 | G63: =IF($J63="","",INDEX(담보별집계!$N$2:$N$1001,$J63)) -> 0.79693428 | H63: =IF($J63="","",INDEX(담보별집계!$S$2:$S$1001,$J63)) -> 0.086441486 | J63: =IFERROR(MATCH(K63,담보별집계!$W$2:$W$1001,0),"") -> 234 | K63: 11
A64: =IF($J64="","",K64) -> 12 | B64: =IF($J64="","",INDEX(담보별집계!$A$2:$A$1001,$J64)) -> CV0141 | C64: =IF($J64="","",INDEX(담보별집계!$B$2:$B$1001,$J64)) -> 심장 | D64: =IF($J64="","",INDEX(담보별집계!$C$2:$C$1001,$J64)) -> 심혈관질환진단비(비갱신형) | E64: =IF($J64="","",INDEX(담보별집계!$L$2:$L$1001,$J64)) -> 89432112 | F64: =IF($J64="","",INDEX(담보별집계!$R$2:$R$1001,$J64)) -> 0.18064699 | G64: =IF($J64="","",INDEX(담보별집계!$N$2:$N$1001,$J64)) -> 0.50355605 | H64: =IF($J64="","",INDEX(담보별집계!$S$2:$S$1001,$J64)) -> -0.015305717 | J64: =IFERROR(MATCH(K64,담보별집계!$W$2:$W$1001,0),"") -> 141 | K64: 12
... A72: =IF($J72="","",K72) -> 20 | B72: =IF($J72="","",INDEX(담보별집계!$A$2:$A$1001,$J72)) -> CV0454 | C72: =IF($J72="","",INDEX(담보별집계!$B$2:$B$1001,$J72)) -> 사망 | D72: =IF($J72="","",INDEX(담보별집계!$C$2:$C$1001,$J72)) -> 상해사망(20년만기) | E72: =IF($J72="","",INDEX(담보별집계!$L$2:$L$1001,$J72)) -> 65648764 | F72: =IF($J72="","",INDEX(담보별집계!$R$2:$R$1001,$J72)) -> -0.1229665 | G72: =IF($J72="","",INDEX(담보별집계!$N$2:$N$1001,$J72)) -> 1.0187913 | H72: =IF($J72="","",INDEX(담보별집계!$S$2:$S$1001,$J72)) -> -0.095357844 | J72: =IFERROR(MATCH(K72,담보별집계!$W$2:$W$1001,0),"") -> 454 | K72: 20
A75: CY 당월 · 손해율 상위 20 담보
A76: 순위 | B76: 담보코드 | C76: 대급부명 | D76: 담보명 | E76: 위험보험료 | F76: 위험보험료 증감률 | G76: 손해율(%) | H76: 전동기 대비 증감(p)
A77: =IF($J77="","",K77) -> 1 | B77: =IF($J77="","",INDEX(담보별집계!$A$2:$A$1001,$J77)) -> CV0543 | C77: =IF($J77="","",INDEX(담보별집계!$B$2:$B$1001,$J77)) -> 실손의료 | D77: =IF($J77="","",INDEX(담보별집계!$C$2:$C$1001,$J77)) -> 질병입원실손Ⅱ | E77: =IF($J77="","",INDEX(담보별집계!$L$2:$L$1001,$J77)) -> 9171567 | F77: =IF($J77="","",INDEX(담보별집계!$R$2:$R$1001,$J77)) -> -0.096716381 | G77: =IF($J77="","",INDEX(담보별집계!$N$2:$N$1001,$J77)) -> 2.1109896 | H77: =IF($J77="","",INDEX(담보별집계!$S$2:$S$1001,$J77)) -> 0.25105722 | J77: =IFERROR(MATCH(K77,담보별집계!$Y$2:$Y$1001,0),"") -> 543 | K77: 1
A78: =IF($J78="","",K78) -> 2 | B78: =IF($J78="","",INDEX(담보별집계!$A$2:$A$1001,$J78)) -> CV0420 | C78: =IF($J78="","",INDEX(담보별집계!$B$2:$B$1001,$J78)) -> 실손의료 | D78: =IF($J78="","",INDEX(담보별집계!$C$2:$C$1001,$J78)) -> 질병입원실손(20년만기) | E78: =IF($J78="","",INDEX(담보별집계!$L$2:$L$1001,$J78)) -> 7010617 | F78: =IF($J78="","",INDEX(담보별집계!$R$2:$R$1001,$J78)) -> 0.23700609 | G78: =IF($J78="","",INDEX(담보별집계!$N$2:$N$1001,$J78)) -> 1.8625998 | H78: =IF($J78="","",INDEX(담보별집계!$S$2:$S$1001,$J78)) -> 0.83833158 | J78: =IFERROR(MATCH(K78,담보별집계!$Y$2:$Y$1001,0),"") -> 420 | K78: 2
A79: =IF($J79="","",K79) -> 3 | B79: =IF($J79="","",INDEX(담보별집계!$A$2:$A$1001,$J79)) -> CV0336 | C79: =IF($J79="","",INDEX(담보별집계!$B$2:$B$1001,$J79)) -> 수술 | D79: =IF($J79="","",INDEX(담보별집계!$C$2:$C$1001,$J79)) -> 상해수술비(비갱신형) | E79: =IF($J79="","",INDEX(담보별집계!$L$2:$L$1001,$J79)) -> 4395580 | F79: =IF($J79="","",INDEX(담보별집계!$R$2:$R$1001,$J79)) -> 0.32702884 | G79: =IF($J79="","",INDEX(담보별집계!$N$2:$N$1001,$J79)) -> 1.5920461 | H79: =IF($J79="","",INDEX(담보별집계!$S$2:$S$1001,$J79)) -> 0.095698647 | J79: =IFERROR(MATCH(K79,담보별집계!$Y$2:$Y$1001,0),"") -> 336 | K79: 3
A80: =IF($J80="","",K80) -> 4 | B80: =IF($J80="","",INDEX(담보별집계!$A$2:$A$1001,$J80)) -> CV0406 | C80: =IF($J80="","",INDEX(담보별집계!$B$2:$B$1001,$J80)) -> 실손의료 | D80: =IF($J80="","",INDEX(담보별집계!$C$2:$C$1001,$J80)) -> 상해입원실손(간편) | E80: =IF($J80="","",INDEX(담보별집계!$L$2:$L$1001,$J80)) -> 19335022 | F80: =IF($J80="","",INDEX(담보별집계!$R$2:$R$1001,$J80)) -> -0.20309951 | G80: =IF($J80="","",INDEX(담보별집계!$N$2:$N$1001,$J80)) -> 1.5276373 | H80: =IF($J80="","",INDEX(담보별집계!$S$2:$S$1001,$J80)) -> 0.36231977 | J80: =IFERROR(MATCH(K80,담보별집계!$Y$2:$Y$1001,0),"") -> 406 | K80: 4
A81: =IF($J81="","",K81) -> 5 | B81: =IF($J81="","",INDEX(담보별집계!$A$2:$A$1001,$J81)) -> CV0046 | C81: =IF($J81="","",INDEX(담보별집계!$B$2:$B$1001,$J81)) -> 실손의료 | D81: =IF($J81="","",INDEX(담보별집계!$C$2:$C$1001,$J81)) -> 상해입원실손(20년만기) | E81: =IF($J81="","",INDEX(담보별집계!$L$2:$L$1001,$J81)) -> 33787249 | F81: =IF($J81="","",INDEX(담보별집계!$R$2:$R$1001,$J81)) -> 0.18076433 | G81: =IF($J81="","",INDEX(담보별집계!$N$2:$N$1001,$J81)) -> 1.4524601 | H81: =IF($J81="","",INDEX(담보별집계!$S$2:$S$1001,$J81)) -> 0.61735722 | J81: =IFERROR(MATCH(K81,담보별집계!$Y$2:$Y$1001,0),"") -> 46 | K81: 5
A82: =IF($J82="","",K82) -> 6 | B82: =IF($J82="","",INDEX(담보별집계!$A$2:$A$1001,$J82)) -> CV0061 | C82: =IF($J82="","",INDEX(담보별집계!$B$2:$B$1001,$J82)) -> 수술 | D82: =IF($J82="","",INDEX(담보별집계!$C$2:$C$1001,$J82)) -> 1~5종수술비Ⅱ | E82: =IF($J82="","",INDEX(담보별집계!$L$2:$L$1001,$J82)) -> 8581777 | F82: =IF($J82="","",INDEX(담보별집계!$R$2:$R$1001,$J82)) -> 0.09971603 | G82: =IF($J82="","",INDEX(담보별집계!$N$2:$N$1001,$J82)) -> 1.4113886 | H82: =IF($J82="","",INDEX(담보별집계!$S$2:$S$1001,$J82)) -> -0.37754248 | J82: =IFERROR(MATCH(K82,담보별집계!$Y$2:$Y$1001,0),"") -> 61 | K82: 6
A83: =IF($J83="","",K83) -> 7 | B83: =IF($J83="","",INDEX(담보별집계!$A$2:$A$1001,$J83)) -> CV0174 | C83: =IF($J83="","",INDEX(담보별집계!$B$2:$B$1001,$J83)) -> 실손의료 | D83: =IF($J83="","",INDEX(담보별집계!$C$2:$C$1001,$J83)) -> 질병통원실손(간편) | E83: =IF($J83="","",INDEX(담보별집계!$L$2:$L$1001,$J83)) -> 18979081 | F83: =IF($J83="","",INDEX(담보별집계!$R$2:$R$1001,$J83)) -> 0.13652629 | G83: =IF($J83="","",INDEX(담보별집계!$N$2:$N$1001,$J83)) -> 1.3696423 | H83: =IF($J83="","",INDEX(담보별집계!$S$2:$S$1001,$J83)) -> -0.40152077 | J83: =IFERROR(MATCH(K83,담보별집계!$Y$2:$Y$1001,0),"") -> 174 | K83: 7
A84: =IF($J84="","",K84) -> 8 | B84: =IF($J84="","",INDEX(담보별집계!$A$2:$A$1001,$J84)) -> CV0507 | C84: =IF($J84="","",INDEX(담보별집계!$B$2:$B$1001,$J84)) -> 암 | D84: =IF($J84="","",INDEX(담보별집계!$C$2:$C$1001,$J84)) -> 암진단비 | E84: =IF($J84="","",INDEX(담보별집계!$L$2:$L$1001,$J84)) -> 6206112 | F84: =IF($J84="","",INDEX(담보별집계!$R$2:$R$1001,$J84)) -> -0.22062897 | G84: =IF($J84="","",INDEX(담보별집계!$N$2:$N$1001,$J84)) -> 1.3672837 | H84: =IF($J84="","",INDEX(담보별집계!$S$2:$S$1001,$J84)) -> 0.38540109 | J84: =IFERROR(MATCH(K84,담보별집계!$Y$2:$Y$1001,0),"") -> 507 | K84: 8
A85: =IF($J85="","",K85) -> 9 | B85: =IF($J85="","",INDEX(담보별집계!$A$2:$A$1001,$J85)) -> CV0214 | C85: =IF($J85="","",INDEX(담보별집계!$B$2:$B$1001,$J85)) -> 실손의료 | D85: =IF($J85="","",INDEX(담보별집계!$C$2:$C$1001,$J85)) -> 질병통원실손 | E85: =IF($J85="","",INDEX(담보별집계!$L$2:$L$1001,$J85)) -> 19134401 | F85: =IF($J85="","",INDEX(담보별집계!$R$2:$R$1001,$J85)) -> 0.1715451 | G85: =IF($J85="","",INDEX(담보별집계!$N$2:$N$1001,$J85)) -> 1.3509349 | H85: =IF($J85="","",INDEX(담보별집계!$S$2:$S$1001,$J85)) -> 0.5699586 | J85: =IFERROR(MATCH(K85,담보별집계!$Y$2:$Y$1001,0),"") -> 214 | K85: 9
A86: =IF($J86="","",K86) -> 10 | B86: =IF($J86="","",INDEX(담보별집계!$A$2:$A$1001,$J86)) -> CV0168 | C86: =IF($J86="","",INDEX(담보별집계!$B$2:$B$1001,$J86)) -> 실손의료 | D86: =IF($J86="","",INDEX(담보별집계!$C$2:$C$1001,$J86)) -> 질병통원실손Ⅱ | E86: =IF($J86="","",INDEX(담보별집계!$L$2:$L$1001,$J86)) -> 15563314 | F86: =IF($J86="","",INDEX(담보별집계!$R$2:$R$1001,$J86)) -> 0.37775615 | G86: =IF($J86="","",INDEX(담보별집계!$N$2:$N$1001,$J86)) -> 1.3505175 | H86: =IF($J86="","",INDEX(담보별집계!$S$2:$S$1001,$J86)) -> 0.12149608 | J86: =IFERROR(MATCH(K86,담보별집계!$Y$2:$Y$1001,0),"") -> 168 | K86: 10
A87: =IF($J87="","",K87) -> 11 | B87: =IF($J87="","",INDEX(담보별집계!$A$2:$A$1001,$J87)) -> CV0003 | C87: =IF($J87="","",INDEX(담보별집계!$B$2:$B$1001,$J87)) -> 실손의료 | D87: =IF($J87="","",INDEX(담보별집계!$C$2:$C$1001,$J87)) -> 질병통원실손 | E87: =IF($J87="","",INDEX(담보별집계!$L$2:$L$1001,$J87)) -> 15326719 | F87: =IF($J87="","",INDEX(담보별집계!$R$2:$R$1001,$J87)) -> 0.44029065 | G87: =IF($J87="","",INDEX(담보별집계!$N$2:$N$1001,$J87)) -> 1.3257192 | H87: =IF($J87="","",INDEX(담보별집계!$S$2:$S$1001,$J87)) -> 0.013428564 | J87: =IFERROR(MATCH(K87,담보별집계!$Y$2:$Y$1001,0),"") -> 3 | K87: 11
A88: =IF($J88="","",K88) -> 12 | B88: =IF($J88="","",INDEX(담보별집계!$A$2:$A$1001,$J88)) -> CV0073 | C88: =IF($J88="","",INDEX(담보별집계!$B$2:$B$1001,$J88)) -> 실손의료 | D88: =IF($J88="","",INDEX(담보별집계!$C$2:$C$1001,$J88)) -> 상해입원실손(비갱신형) | E88: =IF($J88="","",INDEX(담보별집계!$L$2:$L$1001,$J88)) -> 6265379 | F88: =IF($J88="","",INDEX(담보별집계!$R$2:$R$1001,$J88)) -> 0.012120643 | G88: =IF($J88="","",INDEX(담보별집계!$N$2:$N$1001,$J88)) -> 1.3181815 | H88: =IF($J88="","",INDEX(담보별집계!$S$2:$S$1001,$J88)) -> 0.49089898 | J88: =IFERROR(MATCH(K88,담보별집계!$Y$2:$Y$1001,0),"") -> 73 | K88: 12
... A96: =IF($J96="","",K96) -> 20 | B96: =IF($J96="","",INDEX(담보별집계!$A$2:$A$1001,$J96)) -> CV0540 | C96: =IF($J96="","",INDEX(담보별집계!$B$2:$B$1001,$J96)) -> 실손의료 | D96: =IF($J96="","",INDEX(담보별집계!$C$2:$C$1001,$J96)) -> 상해통원실손(20년만기) | E96: =IF($J96="","",INDEX(담보별집계!$L$2:$L$1001,$J96)) -> 8812230 | F96: =IF($J96="","",INDEX(담보별집계!$R$2:$R$1001,$J96)) -> -0.20744767 | G96: =IF($J96="","",INDEX(담보별집계!$N$2:$N$1001,$J96)) -> 1.1913989 | H96: =IF($J96="","",INDEX(담보별집계!$S$2:$S$1001,$J96)) -> 0.25065744 | J96: =IFERROR(MATCH(K96,담보별집계!$Y$2:$Y$1001,0),"") -> 540 | K96: 20
A97: ="※ 위험보험료 비중 "&TEXT(LR_MIN_SHARE,"0.00%")&" 이상 담보 대상" -> ※ 위험보험료 비중 0.05% 이상 담보 대상

Sheet raw_data
A1: 계약년월 | B1: 마감년월 | C1: 주상품코드 | D1: 특약상품코드 | E1: 경과개월수 | F1: 심사유형(일반.간편) | G1: 담보코드 | H1: 위험보험료 합계 | I1: 지급보험금합계 | J1: 지급비금변동분 합계
A2: 202406 | B2: 202406 | C2: MP008 | D2: RP0063 | E2: 1 | F2: 일반 | G2: CV0001 | H2: 5483158 | I2: 1880910 | J2: 158645
A3: 202406 | B3: 202406 | C3: MP013 | D3: RP0083 | E3: 1 | F3: 일반 | G3: CV0002 | H3: 1091641 | I3: 526234 | J3: 55041
A4: 202406 | B4: 202406 | C4: MP002 | D4: RP0029 | E4: 1 | F4: 일반 | G4: CV0003 | H4: 2046555 | I4: 1469440 | J4: 113341
A5: 202406 | B5: 202406 | C5: MP002 | D5: RP0078 | E5: 1 | F5: 일반 | G5: CV0004 | H5: 1268341 | I5: 280109 | J5: 20935
A6: 202406 | B6: 202406 | C6: MP009 | D6: RP0054 | E6: 1 | F6: 일반 | G6: CV0005 | H6: 1787781 | I6: 198863 | J6: 28100
A7: 202406 | B7: 202406 | C7: MP014 | D7: RP0170 | E7: 1 | F7: 일반 | G7: CV0006 | H7: 990699 | I7: 338465 | J7: 8730
A8: 202406 | B8: 202406 | C8: MP007 | D8: RP0172 | E8: 1 | F8: 일반 | G8: CV0007 | H8: 7551056 | I8: 3087919 | J8: -45604
A9: 202406 | B9: 202406 | C9: MP012 | D9: RP0001 | E9: 1 | F9: 일반 | G9: CV0008 | H9: 559233 | I9: 255879 | J9: 97843
A10: 202406 | B10: 202406 | C10: MP014 | D10: RP0120 | E10: 1 | F10: 일반 | G10: CV0009 | H10: 4374706 | I10: 574673 | J10: 4835
A11: 202406 | B11: 202406 | C11: MP014 | D11: RP0128 | E11: 1 | F11: 일반 | G11: CV0010 | H11: 696094 | I11: 120878 | J11: 10881
A12: 202406 | B12: 202406 | C12: MP008 | D12: RP0076 | E12: 1 | F12: 일반 | G12: CV0011 | H12: 952080 | I12: 336535 | J12: -23411
A13: 202406 | B13: 202406 | C13: MP011 | D13: RP0094 | E13: 1 | F13: 일반 | G13: CV0012 | H13: 378552 | I13: 139532 | J13: 12788
... A21806: 202508 | B21806: 202508 | C21806: MP014 | D21806: RP0001 | E21806: 1 | F21806: 일반 | G21806: ZZ9005 | H21806: 1557514 | I21806: 465982 | J21806: -16700

Sheet code_master
A1: 담보코드 | B1: 담보명 | C1: 대급부명
A2: CV0001 | B2: 화상진단비(비갱신형) | C2: 상해
A3: CV0002 | B3: 뇌혈관질환진단비(비갱신형) | C3: 뇌혈관
A4: CV0003 | B4: 질병통원실손 | C4: 실손의료
A5: CV0004 | B5: 중환자실입원일당Ⅱ | C5: 입원
A6: CV0005 | B6: 일반사망(비갱신형) | C6: 사망
A7: CV0006 | B7: 운전자벌금(비갱신형) | C7: 기타
A8: CV0007 | B8: 깁스치료비 | C8: 상해
A9: CV0008 | B9: 골절진단비(갱신형) | C9: 상해
A10: CV0009 | B10: 일반사망(20년만기) | C10: 사망
A11: CV0010 | B11: 뇌혈관질환진단비 | C11: 뇌혈관
A12: CV0011 | B12: 암수술비(갱신형) | C12: 암
... A546: CV0545 | B546: 상해사망(비갱신형) | C546: 사망

Sheet 담보별집계
A1: 담보코드 | B1: 대급부명 | C1: 담보명 | D1: UY 위험보험료 | E1: UY 손해액 | F1: UY 손해율 | G1: UY 전년 위험보험료 | H1: UY 전년 손해액 | I1: UY 전년 손해율 | J1: UY 위험보험료 증감률 | K1: UY 손해율 증감(p) | L1: CY 위험보험료 | M1: CY 손해액 | N1: CY 손해율 | O1: CY 전년 위험보험료 | P1: CY 전년 손해액 | Q1: CY 전년 손해율 | R1: CY 위험보험료 증감률 | S1: CY 손해율 증감(p) | T1: UY 보험료순위 | U1: UY 손해율키 | V1: UY 손해율순위 | W1: CY 보험료순위 | X1: CY 손해율키 | Y1: CY 손해율순위 | AA1: 대급부 첫등장 | AB1: 대급부 UY보험료 | AC1: 대급부 순위 | AD1: 로데이터 행수 | AE1: 중복
A2: =IF(code_master!$A2="","",code_master!$A2) -> CV0001 | B2: =IF($A2="","",code_master!$C2&"") -> 상해 | C2: =IF($A2="","",code_master!$B2&"") -> 화상진단비(비갱신형) | D2: =IF($A2="","",SUMIFS(raw_data!$H:$H,raw_data!$A:$A,">="&UY_START,raw_data!$A:$A,"<="&BASE_YM,raw_data!$B:$B,"<="&BASE_YM,raw_data!$G:$G,$A2)) -> 94809130 | E2: =IF($A2="","",(SUMIFS(raw_data!$I:$I,raw_data!$A:$A,">="&UY_START,raw_data!$A:$A,"<="&BASE_YM,raw_data!$B:$B,"<="&BASE_YM,raw_data!$G:$G,$A2)+SUMIFS(raw_data!$J:$J,raw_data!$A:$A,">="&UY_START,raw_data!$A:$A,"<="&BASE_YM,raw_data!$B:$B,"<="&BASE_YM,raw_data!$G:$G,$A2))) -> 61089719 | F2: =IF(N(D2)=0,"",E2/D2) -> 0.64434426 | G2: =IF($A2="","",SUMIFS(raw_data!$H:$H,raw_data!$A:$A,">="&UY_START_PY,raw_data!$A:$A,"<="&BASE_YM_PY,raw_data!$B:$B,"<="&BASE_YM_PY,raw_data!$G:$G,$A2)) -> 97426514 | H2: =IF($A2="","",(SUMIFS(raw_data!$I:$I,raw_data!$A:$A,">="&UY_START_PY,raw_data!$A:$A,"<="&BASE_YM_PY,raw_data!$B:$B,"<="&BASE_YM_PY,raw_data!$G:$G,$A2)+SUMIFS(raw_data!$J:$J,raw_data!$A:$A,">="&UY_START_PY,raw_data!$A:$A,"<="&BASE_YM_PY,raw_data!$B:$B,"<="&BASE_YM_PY,raw_data!$G:$G,$A2))) -> 66546517 | I2: =IF(N(G2)=0,"",H2/G2) -> 0.68304319 | J2: =IF(N(G2)=0,"",D2/G2-1) -> -0.026865212 | K2: =IF(OR(F2="",I2=""),"",F2-I2) -> -0.038698928 | L2: =IF($A2="","",SUMIFS(raw_data!$H:$H,raw_data!$B:$B,BASE_YM,raw_data!$G:$G,$A2)) -> 37567646 | M2: =IF($A2="","",(SUMIFS(raw_data!$I:$I,raw_data!$B:$B,BASE_YM,raw_data!$G:$G,$A2)+SUMIFS(raw_data!$J:$J,raw_data!$B:$B,BASE_YM,raw_data!$G:$G,$A2))) -> 32798492 | N2: =IF(N(L2)=0,"",M2/L2) -> 0.87305156 | O2: =IF($A2="","",SUMIFS(raw_data!$H:$H,raw_data!$B:$B,BASE_YM_PY,raw_data!$G:$G,$A2)) -> 38881303 | P2: =IF($A2="","",(SUMIFS(raw_data!$I:$I,raw_data!$B:$B,BASE_YM_PY,raw_data!$G:$G,$A2)+SUMIFS(raw_data!$J:$J,raw_data!$B:$B,BASE_YM_PY,raw_data!$G:$G,$A2))) -> 32446447 | Q2: =IF(N(O2)=0,"",P2/O2) -> 0.83449999 | R2: =IF(N(O2)=0,"",L2/O2-1) -> -0.033786342 | S2: =IF(OR(N2="",Q2=""),"",N2-Q2) -> 0.038551571 | T2: =IF(N(D2)>0,RANK(D2,D$2:D$1001)+COUNTIF(D$2:D2,D2)-1,"") -> 51 | U2: =IF(N(D2)>0,IF(D2>=LR_MIN_SHARE*SUM(D$2:D$1001),F2,-1),-1) -> 0.64434426 | V2: =IF(U2<0,"",RANK(U2,U$2:U$1001)+COUNTIF(U$2:U2,U2)-1) -> 113 | W2: =IF(N(L2)>0,RANK(L2,L$2:L$1001)+COUNTIF(L$2:L2,L2)-1,"") -> 54 | X2: =IF(N(L2)>0,IF(L2>=LR_MIN_SHARE*SUM(L$2:L$1001),N2,-1),-1) -> 0.87305156 | Y2: =IF(X2<0,"",RANK(X2,X$2:X$1001)+COUNTIF(X$2:X2,X2)-1) -> 68 | AA2: =IF($A2="","",IF(COUNTIF($B$2:$B2,$B2)=1,1,"")) -> 1 | AB2: =IF(AA2=1,SUMIF($B$2:$B$1001,$B2,$D$2:$D$1001),"") -> 1389037543 | AC2: =IF(AA2=1,RANK(AB2,$AB$2:$AB$1001)+COUNTIF($AB$2:$AB2,AB2)-1,"") -> 7 | AD2: =IF($A2="","",COUNTIF(raw_data!$G:$G,$A2)) -> 40 | AE2: =IF($A2="","",IF(COUNTIF($A$2:$A$1001,$A2)>1,1,0)) -> 0
A3: =IF(code_master!$A3="","",code_master!$A3) -> CV0002 | B3: =IF($A3="","",code_master!$C3&"") -> 뇌혈관 | C3: =IF($A3="","",code_master!$B3&"") -> 뇌혈관질환진단비(비갱신형) | D3: =IF($A3="","",SUMIFS(raw_data!$H:$H,raw_data!$A:$A,">="&UY_START,raw_data!$A:$A,"<="&BASE_YM,raw_data!$B:$B,"<="&BASE_YM,raw_data!$G:$G,$A3)) -> 19875440 | E3: =IF($A3="","",(SUMIFS(raw_data!$I:$I,raw_data!$A:$A,">="&UY_START,raw_data!$A:$A,"<="&BASE_YM,raw_data!$B:$B,"<="&BASE_YM,raw_data!$G:$G,$A3)+SUMIFS(raw_data!$J:$J,raw_data!$A:$A,">="&UY_START,raw_data!$A:$A,"<="&BASE_YM,raw_data!$B:$B,"<="&BASE_YM,raw_data!$G:$G,$A3))) -> 15147146 | F3: =IF(N(D3)=0,"",E3/D3) -> 0.76210368 | G3: =IF($A3="","",SUMIFS(raw_data!$H:$H,raw_data!$A:$A,">="&UY_START_PY,raw_data!$A:$A,"<="&BASE_YM_PY,raw_data!$B:$B,"<="&BASE_YM_PY,raw_data!$G:$G,$A3)) -> 20828075 | H3: =IF($A3="","",(SUMIFS(raw_data!$I:$I,raw_data!$A:$A,">="&UY_START_PY,raw_data!$A:$A,"<="&BASE_YM_PY,raw_data!$B:$B,"<="&BASE_YM_PY,raw_data!$G:$G,$A3)+SUMIFS(raw_data!$J:$J,raw_data!$A:$A,">="&UY_START_PY,raw_data!$A:$A,"<="&BASE_YM_PY,raw_data!$B:$B,"<="&BASE_YM_PY,raw_data!$G:$G,$A3))) -> 15184398 | I3: =IF(N(G3)=0,"",H3/G3) -> 0.72903511 | J3: =IF(N(G3)=0,"",D3/G3-1) -> -0.045738024 | K3: =IF(OR(F3="",I3=""),"",F3-I3) -> 0.033068569 | L3: =IF($A3="","",SUMIFS(raw_data!$H:$H,raw_data!$B:$B,BASE_YM,raw_data!$G:$G,$A3)) -> 7659423 | M3: =IF($A3="","",(SUMIFS(raw_data!$I:$I,raw_data!$B:$B,BASE_YM,raw_data!$G:$G,$A3)+SUMIFS(raw_data!$J:$J,raw_data!$B:$B,BASE_YM,raw_data!$G:$G,$A3))) -> 8105427 | N3: =IF(N(L3)=0,"",M3/L3) -> 1.0582295 | O3: =IF($A3="","",SUMIFS(raw_data!$H:$H,raw_data!$B:$B,BASE_YM_PY,raw_data!$G:$G,$A3)) -> 8525850 | P3: =IF($A3="","",(SUMIFS(raw_data!$I:$I,raw_data!$B:$B,BASE_YM_PY,raw_data!$G:$G,$A3)+SUMIFS(raw_data!$J:$J,raw_data!$B:$B,BASE_YM_PY,raw_data!$G:$G,$A3))) -> 8444397 | Q3: =IF(N(O3)=0,"",P3/O3) -> 0.99044635 | R3: =IF(N(O3)=0,"",L3/O3-1) -> -0.10162353 | S3: =IF(OR(N3="",Q3=""),"",N3-Q3) -> 0.067783103 | T3: =IF(N(D3)>0,RANK(D3,D$2:D$1001)+COUNTIF(D$2:D3,D3)-1,"") -> 259 | U3: =IF(N(D3)>0,IF(D3>=LR_MIN_SHARE*SUM(D$2:D$1001),F3,-1),-1) -> 0.76210368 | V3: =IF(U3<0,"",RANK(U3,U$2:U$1001)+COUNTIF(U$2:U3,U3)-1) -> 66 | W3: =IF(N(L3)>0,RANK(L3,L$2:L$1001)+COUNTIF(L$2:L3,L3)-1,"") -> 260 | X3: =IF(N(L3)>0,IF(L3>=LR_MIN_SHARE*SUM(L$2:L$1001),N3,-1),-1) -> 1.0582295 | Y3: =IF(X3<0,"",RANK(X3,X$2:X$1001)+COUNTIF(X$2:X3,X3)-1) -> 34 | AA3: =IF($A3="","",IF(COUNTIF($B$2:$B3,$B3)=1,1,"")) -> 1 | AB3: =IF(AA3=1,SUMIF($B$2:$B$1001,$B3,$D$2:$D$1001),"") -> 1651383230 | AC3: =IF(AA3=1,RANK(AB3,$AB$2:$AB$1001)+COUNTIF($AB$2:$AB3,AB3)-1,"") -> 6 | AD3: =IF($A3="","",COUNTIF(raw_data!$G:$G,$A3)) -> 40 | AE3: =IF($A3="","",IF(COUNTIF($A$2:$A$1001,$A3)>1,1,0)) -> 0
A4: =IF(code_master!$A4="","",code_master!$A4) -> CV0003 | B4: =IF($A4="","",code_master!$C4&"") -> 실손의료 | C4: =IF($A4="","",code_master!$B4&"") -> 질병통원실손 | D4: =IF($A4="","",SUMIFS(raw_data!$H:$H,raw_data!$A:$A,">="&UY_START,raw_data!$A:$A,"<="&BASE_YM,raw_data!$B:$B,"<="&BASE_YM,raw_data!$G:$G,$A4)) -> 36894923 | E4: =IF($A4="","",(SUMIFS(raw_data!$I:$I,raw_data!$A:$A,">="&UY_START,raw_data!$A:$A,"<="&BASE_YM,raw_data!$B:$B,"<="&BASE_YM,raw_data!$G:$G,$A4)+SUMIFS(raw_data!$J:$J,raw_data!$A:$A,">="&UY_START,raw_data!$A:$A,"<="&BASE_YM,raw_data!$B:$B,"<="&BASE_YM,raw_data!$G:$G,$A4))) -> 42103161 | F4: =IF(N(D4)=0,"",E4/D4) -> 1.1411641 | G4: =IF($A4="","",SUMIFS(raw_data!$H:$H,raw_data!$A:$A,">="&UY_START_PY,raw_data!$A:$A,"<="&BASE_YM_PY,raw_data!$B:$B,"<="&BASE_YM_PY,raw_data!$G:$G,$A4)) -> 28273206 | H4: =IF($A4="","",(SUMIFS(raw_data!$I:$I,raw_data!$A:$A,">="&UY_START_PY,raw_data!$A:$A,"<="&BASE_YM_PY,raw_data!$B:$B,"<="&BASE_YM_PY,raw_data!$G:$G,$A4)+SUMIFS(raw_data!$J:$J,raw_data!$A:$A,">="&UY_START_PY,raw_data!$A:$A,"<="&BASE_YM_PY,raw_data!$B:$B,"<="&BASE_YM_PY,raw_data!$G:$G,$A4))) -> 32571251 | I4: =IF(N(G4)=0,"",H4/G4) -> 1.1520183 | J4: =IF(N(G4)=0,"",D4/G4-1) -> 0.30494303 | K4: =IF(OR(F4="",I4=""),"",F4-I4) -> -0.010854226 | L4: =IF($A4="","",SUMIFS(raw_data!$H:$H,raw_data!$B:$B,BASE_YM,raw_data!$G:$G,$A4)) -> 15326719 | M4: =IF($A4="","",(SUMIFS(raw_data!$I:$I,raw_data!$B:$B,BASE_YM,raw_data!$G:$G,$A4)+SUMIFS(raw_data!$J:$J,raw_data!$B:$B,BASE_YM,raw_data!$G:$G,$A4))) -> 20318926 | N4: =IF(N(L4)=0,"",M4/L4) -> 1.3257192 | O4: =IF($A4="","",SUMIFS(raw_data!$H:$H,raw_data!$B:$B,BASE_YM_PY,raw_data!$G:$G,$A4)) -> 10641407 | P4: =IF($A4="","",(SUMIFS(raw_data!$I:$I,raw_data!$B:$B,BASE_YM_PY,raw_data!$G:$G,$A4)+SUMIFS(raw_data!$J:$J,raw_data!$B:$B,BASE_YM_PY,raw_data!$G:$G,$A4))) -> 13964619 | Q4: =IF(N(O4)=0,"",P4/O4) -> 1.3122907 | R4: =IF(N(O4)=0,"",L4/O4-1) -> 0.44029065 | S4: =IF(OR(N4="",Q4=""),"",N4-Q4) -> 0.013428564 | T4: =IF(N(D4)>0,RANK(D4,D$2:D$1001)+COUNTIF(D$2:D4,D4)-1,"") -> 151 | U4: =IF(N(D4)>0,IF(D4>=LR_MIN_SHARE*SUM(D$2:D$1001),F4,-1),-1) -> 1.1411641 | V4: =IF(U4<0,"",RANK(U4,U$2:U$1001)+COUNTIF(U$2:U4,U4)-1) -> 6 | W4: =IF(N(L4)>0,RANK(L4,L$2:L$1001)+COUNTIF(L$2:L4,L4)-1,"") -> 151 | X4: =IF(N(L4)>0,IF(L4>=LR_MIN_SHARE*SUM(L$2:L$1001),N4,-1),-1) -> 1.3257192 | Y4: =IF(X4<0,"",RANK(X4,X$2:X$1001)+COUNTIF(X$2:X4,X4)-1) -> 11 | AA4: =IF($A4="","",IF(COUNTIF($B$2:$B4,$B4)=1,1,"")) -> 1 | AB4: =IF(AA4=1,SUMIF($B$2:$B$1001,$B4,$D$2:$D$1001),"") -> 2652019682 | AC4: =IF(AA4=1,RANK(AB4,$AB$2:$AB$1001)+COUNTIF($AB$2:$AB4,AB4)-1,"") -> 3 | AD4: =IF($A4="","",COUNTIF(raw_data!$G:$G,$A4)) -> 40 | AE4: =IF($A4="","",IF(COUNTIF($A$2:$A$1001,$A4)>1,1,0)) -> 0
A5: =IF(code_master!$A5="","",code_master!$A5) -> CV0004 | B5: =IF($A5="","",code_master!$C5&"") -> 입원 | C5: =IF($A5="","",code_master!$B5&"") -> 중환자실입원일당Ⅱ | D5: =IF($A5="","",SUMIFS(raw_data!$H:$H,raw_data!$A:$A,">="&UY_START,raw_data!$A:$A,"<="&BASE_YM,raw_data!$B:$B,"<="&BASE_YM,raw_data!$G:$G,$A5)) -> 21873545 | E5: =IF($A5="","",(SUMIFS(raw_data!$I:$I,raw_data!$A:$A,">="&UY_START,raw_data!$A:$A,"<="&BASE_YM,raw_data!$B:$B,"<="&BASE_YM,raw_data!$G:$G,$A5)+SUMIFS(raw_data!$J:$J,raw_data!$A:$A,">="&UY_START,raw_data!$A:$A,"<="&BASE_YM,raw_data!$B:$B,"<="&BASE_YM,raw_data!$G:$G,$A5))) -> 11477246 | F5: =IF(N(D5)=0,"",E5/D5) -> 0.524709 | G5: =IF($A5="","",SUMIFS(raw_data!$H:$H,raw_data!$A:$A,">="&UY_START_PY,raw_data!$A:$A,"<="&BASE_YM_PY,raw_data!$B:$B,"<="&BASE_YM_PY,raw_data!$G:$G,$A5)) -> 20110171 | H5: =IF($A5="","",(SUMIFS(raw_data!$I:$I,raw_data!$A:$A,">="&UY_START_PY,raw_data!$A:$A,"<="&BASE_YM_PY,raw_data!$B:$B,"<="&BASE_YM_PY,raw_data!$G:$G,$A5)+SUMIFS(raw_data!$J:$J,raw_data!$A:$A,">="&UY_START_PY,raw_data!$A:$A,"<="&BASE_YM_PY,raw_data!$B:$B,"<="&BASE_YM_PY,raw_data!$G:$G,$A5))) -> 12209606 | I5: =IF(N(G5)=0,"",H5/G5) -> 0.60713586 | J5: =IF(N(G5)=0,"",D5/G5-1) -> 0.087685679 | K5: =IF(OR(F5="",I5=""),"",F5-I5) -> -0.082426858 | L5: =IF($A5="","",SUMIFS(raw_data!$H:$H,raw_data!$B:$B,BASE_YM,raw_data!$G:$G,$A5)) -> 9075870 | M5: =IF($A5="","",(SUMIFS(raw_data!$I:$I,raw_data!$B:$B,BASE_YM,raw_data!$G:$G,$A5)+SUMIFS(raw_data!$J:$J,raw_data!$B:$B,BASE_YM,raw_data!$G:$G,$A5))) -> 5264523 | N5: =IF(N(L5)=0,"",M5/L5) -> 0.58005712 | O5: =IF($A5="","",SUMIFS(raw_data!$H:$H,raw_data!$B:$B,BASE_YM_PY,raw_data!$G:$G,$A5)) -> 8798800 | P5: =IF($A5="","",(SUMIFS(raw_data!$I:$I,raw_data!$B:$B,BASE_YM_PY,raw_data!$G:$G,$A5)+SUMIFS(raw_data!$J:$J,raw_data!$B:$B,BASE_YM_PY,raw_data!$G:$G,$A5))) -> 7173357 | Q5: =IF(N(O5)=0,"",P5/O5) -> 0.81526538 | R5: =IF(N(O5)=0,"",L5/O5-1) -> 0.031489521 | S5: =IF(OR(N5="",Q5=""),"",N5-Q5) -> -0.23520826 | T5: =IF(N(D5)>0,RANK(D5,D$2:D$1001)+COUNTIF(D$2:D5,D5)-1,"") -> 240 | U5: =IF(N(D5)>0,IF(D5>=LR_MIN_SHARE*SUM(D$2:D$1001),F5,-1),-1) -> 0.524709 | V5: =IF(U5<0,"",RANK(U5,U$2:U$1001)+COUNTIF(U$2:U5,U5)-1) -> 197 | W5: =IF(N(L5)>0,RANK(L5,L$2:L$1001)+COUNTIF(L$2:L5,L5)-1,"") -> 236 | X5: =IF(N(L5)>0,IF(L5>=LR_MIN_SHARE*SUM(L$2:L$1001),N5,-1),-1) -> 0.58005712 | Y5: =IF(X5<0,"",RANK(X5,X$2:X$1001)+COUNTIF(X$2:X5,X5)-1) -> 225 | AA5: =IF($A5="","",IF(COUNTIF($B$2:$B5,$B5)=1,1,"")) -> 1 | AB5: =IF(AA5=1,SUMIF($B$2:$B$1001,$B5,$D$2:$D$1001),"") -> 763493049 | AC5: =IF(AA5=1,RANK(AB5,$AB$2:$AB$1001)+COUNTIF($AB$2:$AB5,AB5)-1,"") -> 9 | AD5: =IF($A5="","",COUNTIF(raw_data!$G:$G,$A5)) -> 40 | AE5: =IF($A5="","",IF(COUNTIF($A$2:$A$1001,$A5)>1,1,0)) -> 0
A6: =IF(code_master!$A6="","",code_master!$A6) -> CV0005 | B6: =IF($A6="","",code_master!$C6&"") -> 사망 | C6: =IF($A6="","",code_master!$B6&"") -> 일반사망(비갱신형) | D6: =IF($A6="","",SUMIFS(raw_data!$H:$H,raw_data!$A:$A,">="&UY_START,raw_data!$A:$A,"<="&BASE_YM,raw_data!$B:$B,"<="&BASE_YM,raw_data!$G:$G,$A6)) -> 30905525 | E6: =IF($A6="","",(SUMIFS(raw_data!$I:$I,raw_data!$A:$A,">="&UY_START,raw_data!$A:$A,"<="&BASE_YM,raw_data!$B:$B,"<="&BASE_YM,raw_data!$G:$G,$A6)+SUMIFS(raw_data!$J:$J,raw_data!$A:$A,">="&UY_START,raw_data!$A:$A,"<="&BASE_YM,raw_data!$B:$B,"<="&BASE_YM,raw_data!$G:$G,$A6))) -> 10268972 | F6: =IF(N(D6)=0,"",E6/D6) -> 0.33226978 | G6: =IF($A6="","",SUMIFS(raw_data!$H:$H,raw_data!$A:$A,">="&UY_START_PY,raw_data!$A:$A,"<="&BASE_YM_PY,raw_data!$B:$B,"<="&BASE_YM_PY,raw_data!$G:$G,$A6)) -> 29034236 | H6: =IF($A6="","",(SUMIFS(raw_data!$I:$I,raw_data!$A:$A,">="&UY_START_PY,raw_data!$A:$A,"<="&BASE_YM_PY,raw_data!$B:$B,"<="&BASE_YM_PY,raw_data!$G:$G,$A6)+SUMIFS(raw_data!$J:$J,raw_data!$A:$A,">="&UY_START_PY,raw_data!$A:$A,"<="&BASE_YM_PY,raw_data!$B:$B,"<="&BASE_YM_PY,raw_data!$G:$G,$A6))) -> 10156882 | I6: =IF(N(G6)=0,"",H6/G6) -> 0.34982432 | J6: =IF(N(G6)=0,"",D6/G6-1) -> 0.064451119 | K6: =IF(OR(F6="",I6=""),"",F6-I6) -> -0.017554544 | L6: =IF($A6="","",SUMIFS(raw_data!$H:$H,raw_data!$B:$B,BASE_YM,raw_data!$G:$G,$A6)) -> 13257168 | M6: =IF($A6="","",(SUMIFS(raw_data!$I:$I,raw_data!$B:$B,BASE_YM,raw_data!$G:$G,$A6)+SUMIFS(raw_data!$J:$J,raw_data!$B:$B,BASE_YM,raw_data!$G:$G,$A6))) -> 5199394 | N6: =IF(N(L6)=0,"",M6/L6) -> 0.39219492 | O6: =IF($A6="","",SUMIFS(raw_data!$H:$H,raw_data!$B:$B,BASE_YM_PY,raw_data!$G:$G,$A6)) -> 11539039 | P6: =IF($A6="","",(SUMIFS(raw_data!$I:$I,raw_data!$B:$B,BASE_YM_PY,raw_data!$G:$G,$A6)+SUMIFS(raw_data!$J:$J,raw_data!$B:$B,BASE_YM_PY,raw_data!$G:$G,$A6))) -> 4727175 | Q6: =IF(N(O6)=0,"",P6/O6) -> 0.409668 | R6: =IF(N(O6)=0,"",L6/O6-1) -> 0.14889706 | S6: =IF(OR(N6="",Q6=""),"",N6-Q6) -> -0.017473073 | T6: =IF(N(D6)>0,RANK(D6,D$2:D$1001)+COUNTIF(D$2:D6,D6)-1,"") -> 187 | U6: =IF(N(D6)>0,IF(D6>=LR_MIN_SHARE*SUM(D$2:D$1001),F6,-1),-1) -> 0.33226978 | V6: =IF(U6<0,"",RANK(U6,U$2:U$1001)+COUNTIF(U$2:U6,U6)-1) -> 342 | W6: =IF(N(L6)>0,RANK(L6,L$2:L$1001)+COUNTIF(L$2:L6,L6)-1,"") -> 171 | X6: =IF(N(L6)>0,IF(L6>=LR_MIN_SHARE*SUM(L$2:L$1001),N6,-1),-1) -> 0.39219492 | Y6: =IF(X6<0,"",RANK(X6,X$2:X$1001)+COUNTIF(X$2:X6,X6)-1) -> 335 | AA6: =IF($A6="","",IF(COUNTIF($B$2:$B6,$B6)=1,1,"")) -> 1 | AB6: =IF(AA6=1,SUMIF($B$2:$B$1001,$B6,$D$2:$D$1001),"") -> 5536867940 | AC6: =IF(AA6=1,RANK(AB6,$AB$2:$AB$1001)+COUNTIF($AB$2:$AB6,AB6)-1,"") -> 1 | AD6: =IF($A6="","",COUNTIF(raw_data!$G:$G,$A6)) -> 40 | AE6: =IF($A6="","",IF(COUNTIF($A$2:$A$1001,$A6)>1,1,0)) -> 0
A7: =IF(code_master!$A7="","",code_master!$A7) -> CV0006 | B7: =IF($A7="","",code_master!$C7&"") -> 기타 | C7: =IF($A7="","",code_master!$B7&"") -> 운전자벌금(비갱신형) | D7: =IF($A7="","",SUMIFS(raw_data!$H:$H,raw_data!$A:$A,">="&UY_START,raw_data!$A:$A,"<="&BASE_YM,raw_data!$B:$B,"<="&BASE_YM,raw_data!$G:$G,$A7)) -> 16228081 | E7: =IF($A7="","",(SUMIFS(raw_data!$I:$I,raw_data!$A:$A,">="&UY_START,raw_data!$A:$A,"<="&BASE_YM,raw_data!$B:$B,"<="&BASE_YM,raw_data!$G:$G,$A7)+SUMIFS(raw_data!$J:$J,raw_data!$A:$A,">="&UY_START,raw_data!$A:$A,"<="&BASE_YM,raw_data!$B:$B,"<="&BASE_YM,raw_data!$G:$G,$A7))) -> 9147527 | F7: =IF(N(D7)=0,"",E7/D7) -> 0.56368507 | G7: =IF($A7="","",SUMIFS(raw_data!$H:$H,raw_data!$A:$A,">="&UY_START_PY,raw_data!$A:$A,"<="&BASE_YM_PY,raw_data!$B:$B,"<="&BASE_YM_PY,raw_data!$G:$G,$A7)) -> 14787493 | H7: =IF($A7="","",(SUMIFS(raw_data!$I:$I,raw_data!$A:$A,">="&UY_START_PY,raw_data!$A:$A,"<="&BASE_YM_PY,raw_data!$B:$B,"<="&BASE_YM_PY,raw_data!$G:$G,$A7)+SUMIFS(raw_data!$J:$J,raw_data!$A:$A,">="&UY_START_PY,raw_data!$A:$A,"<="&BASE_YM_PY,raw_data!$B:$B,"<="&BASE_YM_PY,raw_data!$G:$G,$A7))) -> 8083838 | I7: =IF(N(G7)=0,"",H7/G7) -> 0.54666724 | J7: =IF(N(G7)=0,"",D7/G7-1) -> 0.097419353 | K7: =IF(OR(F7="",I7=""),"",F7-I7) -> 0.017017831 | L7: =IF($A7="","",SUMIFS(raw_data!$H:$H,raw_data!$B:$B,BASE_YM,raw_data!$G:$G,$A7)) -> 6562587 | M7: =IF($A7="","",(SUMIFS(raw_data!$I:$I,raw_data!$B:$B,BASE_YM,raw_data!$G:$G,$A7)+SUMIFS(raw_data!$J:$J,raw_data!$B:$B,BASE_YM,raw_data!$G:$G,$A7))) -> 4449522 | N7: =IF(N(L7)=0,"",M7/L7) -> 0.67801341 | O7: =IF($A7="","",SUMIFS(raw_data!$H:$H,raw_data!$B:$B,BASE_YM_PY,raw_data!$G:$G,$A7)) -> 5760009 | P7: =IF($A7="","",(SUMIFS(raw_data!$I:$I,raw_data!$B:$B,BASE_YM_PY,raw_data!$G:$G,$A7)+SUMIFS(raw_data!$J:$J,raw_data!$B:$B,BASE_YM_PY,raw_data!$G:$G,$A7))) -> 4315935 | Q7: =IF(N(O7)=0,"",P7/O7) -> 0.7492931 | R7: =IF(N(O7)=0,"",L7/O7-1) -> 0.13933624 | S7: =IF(OR(N7="",Q7=""),"",N7-Q7) -> -0.071279689 | T7: =IF(N(D7)>0,RANK(D7,D$2:D$1001)+COUNTIF(D$2:D7,D7)-1,"") -> 295 | U7: =IF(N(D7)>0,IF(D7>=LR_MIN_SHARE*SUM(D$2:D$1001),F7,-1),-1) -> 0.56368507 | V7: =IF(U7<0,"",RANK(U7,U$2:U$1001)+COUNTIF(U$2:U7,U7)-1) -> 175 | W7: =IF(N(L7)>0,RANK(L7,L$2:L$1001)+COUNTIF(L$2:L7,L7)-1,"") -> 294 | X7: =IF(N(L7)>0,IF(L7>=LR_MIN_SHARE*SUM(L$2:L$1001),N7,-1),-1) -> 0.67801341 | Y7: =IF(X7<0,"",RANK(X7,X$2:X$1001)+COUNTIF(X$2:X7,X7)-1) -> 166 | AA7: =IF($A7="","",IF(COUNTIF($B$2:$B7,$B7)=1,1,"")) -> 1 | AB7: =IF(AA7=1,SUMIF($B$2:$B$1001,$B7,$D$2:$D$1001),"") -> 445811963 | AC7: =IF(AA7=1,RANK(AB7,$AB$2:$AB$1001)+COUNTIF($AB$2:$AB7,AB7)-1,"") -> 10 | AD7: =IF($A7="","",COUNTIF(raw_data!$G:$G,$A7)) -> 40 | AE7: =IF($A7="","",IF(COUNTIF($A$2:$A$1001,$A7)>1,1,0)) -> 0
A8: =IF(code_master!$A8="","",code_master!$A8) -> CV0007 | B8: =IF($A8="","",code_master!$C8&"") -> 상해 | C8: =IF($A8="","",code_master!$B8&"") -> 깁스치료비 | D8: =IF($A8="","",SUMIFS(raw_data!$H:$H,raw_data!$A:$A,">="&UY_START,raw_data!$A:$A,"<="&BASE_YM,raw_data!$B:$B,"<="&BASE_YM,raw_data!$G:$G,$A8)) -> 121510566 | E8: =IF($A8="","",(SUMIFS(raw_data!$I:$I,raw_data!$A:$A,">="&UY_START,raw_data!$A:$A,"<="&BASE_YM,raw_data!$B:$B,"<="&BASE_YM,raw_data!$G:$G,$A8)+SUMIFS(raw_data!$J:$J,raw_data!$A:$A,">="&UY_START,raw_data!$A:$A,"<="&BASE_YM,raw_data!$B:$B,"<="&BASE_YM,raw_data!$G:$G,$A8))) -> 93810737 | F8: =IF(N(D8)=0,"",E8/D8) -> 0.77203769 | G8: =IF($A8="","",SUMIFS(raw_data!$H:$H,raw_data!$A:$A,">="&UY_START_PY,raw_data!$A:$A,"<="&BASE_YM_PY,raw_data!$B:$B,"<="&BASE_YM_PY,raw_data!$G:$G,$A8)) -> 99967343 | H8: =IF($A8="","",(SUMIFS(raw_data!$I:$I,raw_data!$A:$A,">="&UY_START_PY,raw_data!$A:$A,"<="&BASE_YM_PY,raw_data!$B:$B,"<="&BASE_YM_PY,raw_data!$G:$G,$A8)+SUMIFS(raw_data!$J:$J,raw_data!$A:$A,">="&UY_START_PY,raw_data!$A:$A,"<="&BASE_YM_PY,raw_data!$B:$B,"<="&BASE_YM_PY,raw_data!$G:$G,$A8))) -> 68360465 | I8: =IF(N(G8)=0,"",H8/G8) -> 0.68382797 | J8: =IF(N(G8)=0,"",D8/G8-1) -> 0.21550261 | K8: =IF(OR(F8="",I8=""),"",F8-I8) -> 0.088209725 | L8: =IF($A8="","",SUMIFS(raw_data!$H:$H,raw_data!$B:$B,BASE_YM,raw_data!$G:$G,$A8)) -> 47368981 | M8: =IF($A8="","",(SUMIFS(raw_data!$I:$I,raw_data!$B:$B,BASE_YM,raw_data!$G:$G,$A8)+SUMIFS(raw_data!$J:$J,raw_data!$B:$B,BASE_YM,raw_data!$G:$G,$A8))) -> 38155207 | N8: =IF(N(L8)=0,"",M8/L8) -> 0.80548929 | O8: =IF($A8="","",SUMIFS(raw_data!$H:$H,raw_data!$B:$B,BASE_YM_PY,raw_data!$G:$G,$A8)) -> 38916504 | P8: =IF($A8="","",(SUMIFS(raw_data!$I:$I,raw_data!$B:$B,BASE_YM_PY,raw_data!$G:$G,$A8)+SUMIFS(raw_data!$J:$J,raw_data!$B:$B,BASE_YM_PY,raw_data!$G:$G,$A8))) -> 30288330 | Q8: =IF(N(O8)=0,"",P8/O8) -> 0.77829011 | R8: =IF(N(O8)=0,"",L8/O8-1) -> 0.21719518 | S8: =IF(OR(N8="",Q8=""),"",N8-Q8) -> 0.027199187 | T8: =IF(N(D8)>0,RANK(D8,D$2:D$1001)+COUNTIF(D$2:D8,D8)-1,"") -> 33 | U8: =IF(N(D8)>0,IF(D8>=LR_MIN_SHARE*SUM(D$2:D$1001),F8,-1),-1) -> 0.77203769 | V8: =IF(U8<0,"",RANK(U8,U$2:U$1001)+COUNTIF(U$2:U8,U8)-1) -> 63 | W8: =IF(N(L8)>0,RANK(L8,L$2:L$1001)+COUNTIF(L$2:L8,L8)-1,"") -> 36 | X8: =IF(N(L8)>0,IF(L8>=LR_MIN_SHARE*SUM(L$2:L$1001),N8,-1),-1) -> 0.80548929 | Y8: =IF(X8<0,"",RANK(X8,X$2:X$1001)+COUNTIF(X$2:X8,X8)-1) -> 102 | AA8: =IF($A8="","",IF(COUNTIF($B$2:$B8,$B8)=1,1,"")) | AB8: =IF(AA8=1,SUMIF($B$2:$B$1001,$B8,$D$2:$D$1001),"") | AC8: =IF(AA8=1,RANK(AB8,$AB$2:$AB$1001)+COUNTIF($AB$2:$AB8,AB8)-1,"") | AD8: =IF($A8="","",COUNTIF(raw_data!$G:$G,$A8)) -> 40 | AE8: =IF($A8="","",IF(COUNTIF($A$2:$A$1001,$A8)>1,1,0)) -> 0
A9: =IF(code_master!$A9="","",code_master!$A9) -> CV0008 | B9: =IF($A9="","",code_master!$C9&"") -> 상해 | C9: =IF($A9="","",code_master!$B9&"") -> 골절진단비(갱신형) | D9: =IF($A9="","",SUMIFS(raw_data!$H:$H,raw_data!$A:$A,">="&UY_START,raw_data!$A:$A,"<="&BASE_YM,raw_data!$B:$B,"<="&BASE_YM,raw_data!$G:$G,$A9)) -> 9852472 | E9: =IF($A9="","",(SUMIFS(raw_data!$I:$I,raw_data!$A:$A,">="&UY_START,raw_data!$A:$A,"<="&BASE_YM,raw_data!$B:$B,"<="&BASE_YM,raw_data!$G:$G,$A9)+SUMIFS(raw_data!$J:$J,raw_data!$A:$A,">="&UY_START,raw_data!$A:$A,"<="&BASE_YM,raw_data!$B:$B,"<="&BASE_YM,raw_data!$G:$G,$A9))) -> 8084742 | F9: =IF(N(D9)=0,"",E9/D9) -> 0.82058005 | G9: =IF($A9="","",SUMIFS(raw_data!$H:$H,raw_data!$A:$A,">="&UY_START_PY,raw_data!$A:$A,"<="&BASE_YM_PY,raw_data!$B:$B,"<="&BASE_YM_PY,raw_data!$G:$G,$A9)) -> 10288463 | H9: =IF($A9="","",(SUMIFS(raw_data!$I:$I,raw_data!$A:$A,">="&UY_START_PY,raw_data!$A:$A,"<="&BASE_YM_PY,raw_data!$B:$B,"<="&BASE_YM_PY,raw_data!$G:$G,$A9)+SUMIFS(raw_data!$J:$J,raw_data!$A:$A,">="&UY_START_PY,raw_data!$A:$A,"<="&BASE_YM_PY,raw_data!$B:$B,"<="&BASE_YM_PY,raw_data!$G:$G,$A9))) -> 6793302 | I9: =IF(N(G9)=0,"",H9/G9) -> 0.66028347 | J9: =IF(N(G9)=0,"",D9/G9-1) -> -0.042376689 | K9: =IF(OR(F9="",I9=""),"",F9-I9) -> 0.16029659 | L9: =IF($A9="","",SUMIFS(raw_data!$H:$H,raw_data!$B:$B,BASE_YM,raw_data!$G:$G,$A9)) -> 3939446 | M9: =IF($A9="","",(SUMIFS(raw_data!$I:$I,raw_data!$B:$B,BASE_YM,raw_data!$G:$G,$A9)+SUMIFS(raw_data!$J:$J,raw_data!$B:$B,BASE_YM,raw_data!$G:$G,$A9))) -> 3514370 | N9: =IF(N(L9)=0,"",M9/L9) -> 0.89209752 | O9: =IF($A9="","",SUMIFS(raw_data!$H:$H,raw_data!$B:$B,BASE_YM_PY,raw_data!$G:$G,$A9)) -> 4285952 | P9: =IF($A9="","",(SUMIFS(raw_data!$I:$I,raw_data!$B:$B,BASE_YM_PY,raw_data!$G:$G,$A9)+SUMIFS(raw_data!$J:$J,raw_data!$B:$B,BASE_YM_PY,raw_data!$G:$G,$A9))) -> 3080985 | Q9: =IF(N(O9)=0,"",P9/O9) -> 0.71885663 | R9: =IF(N(O9)=0,"",L9/O9-1) -> -0.080846916 | S9: =IF(OR(N9="",Q9=""),"",N9-Q9) -> 0.17324089 | T9: =IF(N(D9)>0,RANK(D9,D$2:D$1001)+COUNTIF(D$2:D9,D9)-1,"") -> 385 | U9: =IF(N(D9)>0,IF(D9>=LR_MIN_SHARE*SUM(D$2:D$1001),F9,-1),-1) -> -1 | V9: =IF(U9<0,"",RANK(U9,U$2:U$1001)+COUNTIF(U$2:U9,U9)-1) | W9: =IF(N(L9)>0,RANK(L9,L$2:L$1001)+COUNTIF(L$2:L9,L9)-1,"") -> 387 | X9: =IF(N(L9)>0,IF(L9>=LR_MIN_SHARE*SUM(L$2:L$1001),N9,-1),-1) -> -1 | Y9: =IF(X9<0,"",RANK(X9,X$2:X$1001)+COUNTIF(X$2:X9,X9)-1) | AA9: =IF($A9="","",IF(COUNTIF($B$2:$B9,$B9)=1,1,"")) | AB9: =IF(AA9=1,SUMIF($B$2:$B$1001,$B9,$D$2:$D$1001),"") | AC9: =IF(AA9=1,RANK(AB9,$AB$2:$AB$1001)+COUNTIF($AB$2:$AB9,AB9)-1,"") | AD9: =IF($A9="","",COUNTIF(raw_data!$G:$G,$A9)) -> 40 | AE9: =IF($A9="","",IF(COUNTIF($A$2:$A$1001,$A9)>1,1,0)) -> 0
A10: =IF(code_master!$A10="","",code_master!$A10) -> CV0009 | B10: =IF($A10="","",code_master!$C10&"") -> 사망 | C10: =IF($A10="","",code_master!$B10&"") -> 일반사망(20년만기) | D10: =IF($A10="","",SUMIFS(raw_data!$H:$H,raw_data!$A:$A,">="&UY_START,raw_data!$A:$A,"<="&BASE_YM,raw_data!$B:$B,"<="&BASE_YM,raw_data!$G:$G,$A10)) -> 61961564 | E10: =IF($A10="","",(SUMIFS(raw_data!$I:$I,raw_data!$A:$A,">="&UY_START,raw_data!$A:$A,"<="&BASE_YM,raw_data!$B:$B,"<="&BASE_YM,raw_data!$G:$G,$A10)+SUMIFS(raw_data!$J:$J,raw_data!$A:$A,">="&UY_START,raw_data!$A:$A,"<="&BASE_YM,raw_data!$B:$B,"<="&BASE_YM,raw_data!$G:$G,$A10))) -> 18778868 | F10: =IF(N(D10)=0,"",E10/D10) -> 0.30307285 | G10: =IF($A10="","",SUMIFS(raw_data!$H:$H,raw_data!$A:$A,">="&UY_START_PY,raw_data!$A:$A,"<="&BASE_YM_PY,raw_data!$B:$B,"<="&BASE_YM_PY,raw_data!$G:$G,$A10)) -> 70233980 | H10: =IF($A10="","",(SUMIFS(raw_data!$I:$I,raw_data!$A:$A,">="&UY_START_PY,raw_data!$A:$A,"<="&BASE_YM_PY,raw_data!$B:$B,"<="&BASE_YM_PY,raw_data!$G:$G,$A10)+SUMIFS(raw_data!$J:$J,raw_data!$A:$A,">="&UY_START_PY,raw_data!$A:$A,"<="&BASE_YM_PY,raw_data!$B:$B,"<="&BASE_YM_PY,raw_data!$G:$G,$A10))) -> 23074186 | I10: =IF(N(G10)=0,"",H10/G10) -> 0.32853308 | J10: =IF(N(G10)=0,"",D10/G10-1) -> -0.11778367 | K10: =IF(OR(F10="",I10=""),"",F10-I10) -> -0.02546023 | L10: =IF($A10="","",SUMIFS(raw_data!$H:$H,raw_data!$B:$B,BASE_YM,raw_data!$G:$G,$A10)) -> 24904329 | M10: =IF($A10="","",(SUMIFS(raw_data!$I:$I,raw_data!$B:$B,BASE_YM,raw_data!$G:$G,$A10)+SUMIFS(raw_data!$J:$J,raw_data!$B:$B,BASE_YM,raw_data!$G:$G,$A10))) -> 10264121 | N10: =IF(N(L10)=0,"",M10/L10) -> 0.41214204 | O10: =IF($A10="","",SUMIFS(raw_data!$H:$H,raw_data!$B:$B,BASE_YM_PY,raw_data!$G:$G,$A10)) -> 28013170 | P10: =IF($A10="","",(SUMIFS(raw_data!$I:$I,raw_data!$B:$B,BASE_YM_PY,raw_data!$G:$G,$A10)+SUMIFS(raw_data!$J:$J,raw_data!$B:$B,BASE_YM_PY,raw_data!$G:$G,$A10))) -> 9967723 | Q10: =IF(N(O10)=0,"",P10/O10) -> 0.35582274 | R10: =IF(N(O10)=0,"",L10/O10-1) -> -0.11097784 | S10: =IF(OR(N10="",Q10=""),"",N10-Q10) -> 0.056319298 | T10: =IF(N(D10)>0,RANK(D10,D$2:D$1001)+COUNTIF(D$2:D10,D10)-1,"") -> 88 | U10: =IF(N(D10)>0,IF(D10>=LR_MIN_SHARE*SUM(D$2:D$1001),F10,-1),-1) -> 0.30307285 | V10: =IF(U10<0,"",RANK(U10,U$2:U$1001)+COUNTIF(U$2:U10,U10)-1) -> 353 | W10: =IF(N(L10)>0,RANK(L10,L$2:L$1001)+COUNTIF(L$2:L10,L10)-1,"") -> 88 | X10: =IF(N(L10)>0,IF(L10>=LR_MIN_SHARE*SUM(L$2:L$1001),N10,-1),-1) -> 0.41214204 | Y10: =IF(X10<0,"",RANK(X10,X$2:X$1001)+COUNTIF(X$2:X10,X10)-1) -> 323 | AA10: =IF($A10="","",IF(COUNTIF($B$2:$B10,$B10)=1,1,"")) | AB10: =IF(AA10=1,SUMIF($B$2:$B$1001,$B10,$D$2:$D$1001),"") | AC10: =IF(AA10=1,RANK(AB10,$AB$2:$AB$1001)+COUNTIF($AB$2:$AB10,AB10)-1,"") | AD10: =IF($A10="","",COUNTIF(raw_data!$G:$G,$A10)) -> 40 | AE10: =IF($A10="","",IF(COUNTIF($A$2:$A$1001,$A10)>1,1,0)) -> 0
A11: =IF(code_master!$A11="","",code_master!$A11) -> CV0010 | B11: =IF($A11="","",code_master!$C11&"") -> 뇌혈관 | C11: =IF($A11="","",code_master!$B11&"") -> 뇌혈관질환진단비 | D11: =IF($A11="","",SUMIFS(raw_data!$H:$H,raw_data!$A:$A,">="&UY_START,raw_data!$A:$A,"<="&BASE_YM,raw_data!$B:$B,"<="&BASE_YM,raw_data!$G:$G,$A11)) -> 9579093 | E11: =IF($A11="","",(SUMIFS(raw_data!$I:$I,raw_data!$A:$A,">="&UY_START,raw_data!$A:$A,"<="&BASE_YM,raw_data!$B:$B,"<="&BASE_YM,raw_data!$G:$G,$A11)+SUMIFS(raw_data!$J:$J,raw_data!$A:$A,">="&UY_START,raw_data!$A:$A,"<="&BASE_YM,raw_data!$B:$B,"<="&BASE_YM,raw_data!$G:$G,$A11))) -> 4474078 | F11: =IF(N(D11)=0,"",E11/D11) -> 0.46706698 | G11: =IF($A11="","",SUMIFS(raw_data!$H:$H,raw_data!$A:$A,">="&UY_START_PY,raw_data!$A:$A,"<="&BASE_YM_PY,raw_data!$B:$B,"<="&BASE_YM_PY,raw_data!$G:$G,$A11)) -> 8350354 | H11: =IF($A11="","",(SUMIFS(raw_data!$I:$I,raw_data!$A:$A,">="&UY_START_PY,raw_data!$A:$A,"<="&BASE_YM_PY,raw_data!$B:$B,"<="&BASE_YM_PY,raw_data!$G:$G,$A11)+SUMIFS(raw_data!$J:$J,raw_data!$A:$A,">="&UY_START_PY,raw_data!$A:$A,"<="&BASE_YM_PY,raw_data!$B:$B,"<="&BASE_YM_PY,raw_data!$G:$G,$A11))) -> 4219423 | I11: =IF(N(G11)=0,"",H11/G11) -> 0.5052987 | J11: =IF(N(G11)=0,"",D11/G11-1) -> 0.14714813 | K11: =IF(OR(F11="",I11=""),"",F11-I11) -> -0.038231722 | L11: =IF($A11="","",SUMIFS(raw_data!$H:$H,raw_data!$B:$B,BASE_YM,raw_data!$G:$G,$A11)) -> 4048789 | M11: =IF($A11="","",(SUMIFS(raw_data!$I:$I,raw_data!$B:$B,BASE_YM,raw_data!$G:$G,$A11)+SUMIFS(raw_data!$J:$J,raw_data!$B:$B,BASE_YM,raw_data!$G:$G,$A11))) -> 2058851 | N11: =IF(N(L11)=0,"",M11/L11) -> 0.50851032 | O11: =IF($A11="","",SUMIFS(raw_data!$H:$H,raw_data!$B:$B,BASE_YM_PY,raw_data!$G:$G,$A11)) -> 3230425 | P11: =IF($A11="","",(SUMIFS(raw_data!$I:$I,raw_data!$B:$B,BASE_YM_PY,raw_data!$G:$G,$A11)+SUMIFS(raw_data!$J:$J,raw_data!$B:$B,BASE_YM_PY,raw_data!$G:$G,$A11))) -> 1767924 | Q11: =IF(N(O11)=0,"",P11/O11) -> 0.54727288 | R11: =IF(N(O11)=0,"",L11/O11-1) -> 0.25333013 | S11: =IF(OR(N11="",Q11=""),"",N11-Q11) -> -0.03876256 | T11: =IF(N(D11)>0,RANK(D11,D$2:D$1001)+COUNTIF(D$2:D11,D11)-1,"") -> 389 | U11: =IF(N(D11)>0,IF(D11>=LR_MIN_SHARE*SUM(D$2:D$1001),F11,-1),-1) -> -1 | V11: =IF(U11<0,"",RANK(U11,U$2:U$1001)+COUNTIF(U$2:U11,U11)-1) | W11: =IF(N(L11)>0,RANK(L11,L$2:L$1001)+COUNTIF(L$2:L11,L11)-1,"") -> 382 | X11: =IF(N(L11)>0,IF(L11>=LR_MIN_SHARE*SUM(L$2:L$1001),N11,-1),-1) -> -1 | Y11: =IF(X11<0,"",RANK(X11,X$2:X$1001)+COUNTIF(X$2:X11,X11)-1) | AA11: =IF($A11="","",IF(COUNTIF($B$2:$B11,$B11)=1,1,"")) | AB11: =IF(AA11=1,SUMIF($B$2:$B$1001,$B11,$D$2:$D$1001),"") | AC11: =IF(AA11=1,RANK(AB11,$AB$2:$AB$1001)+COUNTIF($AB$2:$AB11,AB11)-1,"") | AD11: =IF($A11="","",COUNTIF(raw_data!$G:$G,$A11)) -> 40 | AE11: =IF($A11="","",IF(COUNTIF($A$2:$A$1001,$A11)>1,1,0)) -> 0
A12: =IF(code_master!$A12="","",code_master!$A12) -> CV0011 | B12: =IF($A12="","",code_master!$C12&"") -> 암 | C12: =IF($A12="","",code_master!$B12&"") -> 암수술비(갱신형) | D12: =IF($A12="","",SUMIFS(raw_data!$H:$H,raw_data!$A:$A,">="&UY_START,raw_data!$A:$A,"<="&BASE_YM,raw_data!$B:$B,"<="&BASE_YM,raw_data!$G:$G,$A12)) -> 20522690 | E12: =IF($A12="","",(SUMIFS(raw_data!$I:$I,raw_data!$A:$A,">="&UY_START,raw_data!$A:$A,"<="&BASE_YM,raw_data!$B:$B,"<="&BASE_YM,raw_data!$G:$G,$A12)+SUMIFS(raw_data!$J:$J,raw_data!$A:$A,">="&UY_START,raw_data!$A:$A,"<="&BASE_YM,raw_data!$B:$B,"<="&BASE_YM,raw_data!$G:$G,$A12))) -> 12308593 | F12: =IF(N(D12)=0,"",E12/D12) -> 0.59975534 | G12: =IF($A12="","",SUMIFS(raw_data!$H:$H,raw_data!$A:$A,">="&UY_START_PY,raw_data!$A:$A,"<="&BASE_YM_PY,raw_data!$B:$B,"<="&BASE_YM_PY,raw_data!$G:$G,$A12)) -> 17233295 | H12: =IF($A12="","",(SUMIFS(raw_data!$I:$I,raw_data!$A:$A,">="&UY_START_PY,raw_data!$A:$A,"<="&BASE_YM_PY,raw_data!$B:$B,"<="&BASE_YM_PY,raw_data!$G:$G,$A12)+SUMIFS(raw_data!$J:$J,raw_data!$A:$A,">="&UY_START_PY,raw_data!$A:$A,"<="&BASE_YM_PY,raw_data!$B:$B,"<="&BASE_YM_PY,raw_data!$G:$G,$A12))) -> 11958101 | I12: =IF(N(G12)=0,"",H12/G12) -> 0.69389522 | J12: =IF(N(G12)=0,"",D12/G12-1) -> 0.19087441 | K12: =IF(OR(F12="",I12=""),"",F12-I12) -> -0.094139875 | L12: =IF($A12="","",SUMIFS(raw_data!$H:$H,raw_data!$B:$B,BASE_YM,raw_data!$G:$G,$A12)) -> 8555001 | M12: =IF($A12="","",(SUMIFS(raw_data!$I:$I,raw_data!$B:$B,BASE_YM,raw_data!$G:$G,$A12)+SUMIFS(raw_data!$J:$J,raw_data!$B:$B,BASE_YM,raw_data!$G:$G,$A12))) -> 6418059 | N12: =IF(N(L12)=0,"",M12/L12) -> 0.75021137 | O12: =IF($A12="","",SUMIFS(raw_data!$H:$H,raw_data!$B:$B,BASE_YM_PY,raw_data!$G:$G,$A12)) -> 6712429 | P12: =IF($A12="","",(SUMIFS(raw_data!$I:$I,raw_data!$B:$B,BASE_YM_PY,raw_data!$G:$G,$A12)+SUMIFS(raw_data!$J:$J,raw_data!$B:$B,BASE_YM_PY,raw_data!$G:$G,$A12))) -> 5125184 | Q12: =IF(N(O12)=0,"",P12/O12) -> 0.76353642 | R12: =IF(N(O12)=0,"",L12/O12-1) -> 0.27450153 | S12: =IF(OR(N12="",Q12=""),"",N12-Q12) -> -0.013325051 | T12: =IF(N(D12)>0,RANK(D12,D$2:D$1001)+COUNTIF(D$2:D12,D12)-1,"") -> 252 | U12: =IF(N(D12)>0,IF(D12>=LR_MIN_SHARE*SUM(D$2:D$1001),F12,-1),-1) -> 0.59975534 | V12: =IF(U12<0,"",RANK(U12,U$2:U$1001)+COUNTIF(U$2:U12,U12)-1) -> 148 | W12: =IF(N(L12)>0,RANK(L12,L$2:L$1001)+COUNTIF(L$2:L12,L12)-1,"") -> 244 | X12: =IF(N(L12)>0,IF(L12>=LR_MIN_SHARE*SUM(L$2:L$1001),N12,-1),-1) -> 0.75021137 | Y12: =IF(X12<0,"",RANK(X12,X$2:X$1001)+COUNTIF(X$2:X12,X12)-1) -> 129 | AA12: =IF($A12="","",IF(COUNTIF($B$2:$B12,$B12)=1,1,"")) -> 1 | AB12: =IF(AA12=1,SUMIF($B$2:$B$1001,$B12,$D$2:$D$1001),"") -> 3193526051 | AC12: =IF(AA12=1,RANK(AB12,$AB$2:$AB$1001)+COUNTIF($AB$2:$AB12,AB12)-1,"") -> 2 | AD12: =IF($A12="","",COUNTIF(raw_data!$G:$G,$A12)) -> 40 | AE12: =IF($A12="","",IF(COUNTIF($A$2:$A$1001,$A12)>1,1,0)) -> 0
A13: =IF(code_master!$A13="","",code_master!$A13) -> CV0012 | B13: =IF($A13="","",code_master!$C13&"") -> 실손의료 | C13: =IF($A13="","",code_master!$B13&"") -> 질병입원실손(갱신형) | D13: =IF($A13="","",SUMIFS(raw_data!$H:$H,raw_data!$A:$A,">="&UY_START,raw_data!$A:$A,"<="&BASE_YM,raw_data!$B:$B,"<="&BASE_YM,raw_data!$G:$G,$A13)) -> 5884266 | E13: =IF($A13="","",(SUMIFS(raw_data!$I:$I,raw_data!$A:$A,">="&UY_START,raw_data!$A:$A,"<="&BASE_YM,raw_data!$B:$B,"<="&BASE_YM,raw_data!$G:$G,$A13)+SUMIFS(raw_data!$J:$J,raw_data!$A:$A,">="&UY_START,raw_data!$A:$A,"<="&BASE_YM,raw_data!$B:$B,"<="&BASE_YM,raw_data!$G:$G,$A13))) -> 5927879 | F13: =IF(N(D13)=0,"",E13/D13) -> 1.0074118 | G13: =IF($A13="","",SUMIFS(raw_data!$H:$H,raw_data!$A:$A,">="&UY_START_PY,raw_data!$A:$A,"<="&BASE_YM_PY,raw_data!$B:$B,"<="&BASE_YM_PY,raw_data!$G:$G,$A13)) -> 5126326 | H13: =IF($A13="","",(SUMIFS(raw_data!$I:$I,raw_data!$A:$A,">="&UY_START_PY,raw_data!$A:$A,"<="&BASE_YM_PY,raw_data!$B:$B,"<="&BASE_YM_PY,raw_data!$G:$G,$A13)+SUMIFS(raw_data!$J:$J,raw_data!$A:$A,">="&UY_START_PY,raw_data!$A:$A,"<="&BASE_YM_PY,raw_data!$B:$B,"<="&BASE_YM_PY,raw_data!$G:$G,$A13))) -> 3866715 | I13: =IF(N(G13)=0,"",H13/G13) -> 0.75428582 | J13: =IF(N(G13)=0,"",D13/G13-1) -> 0.14785248 | K13: =IF(OR(F13="",I13=""),"",F13-I13) -> 0.25312598 | L13: =IF($A13="","",SUMIFS(raw_data!$H:$H,raw_data!$B:$B,BASE_YM,raw_data!$G:$G,$A13)) -> 2368552 | M13: =IF($A13="","",(SUMIFS(raw_data!$I:$I,raw_data!$B:$B,BASE_YM,raw_data!$G:$G,$A13)+SUMIFS(raw_data!$J:$J,raw_data!$B:$B,BASE_YM,raw_data!$G:$G,$A13))) -> 3128630 | N13: =IF(N(L13)=0,"",M13/L13) -> 1.3209041 | O13: =IF($A13="","",SUMIFS(raw_data!$H:$H,raw_data!$B:$B,BASE_YM_PY,raw_data!$G:$G,$A13)) -> 1976703 | P13: =IF($A13="","",(SUMIFS(raw_data!$I:$I,raw_data!$B:$B,BASE_YM_PY,raw_data!$G:$G,$A13)+SUMIFS(raw_data!$J:$J,raw_data!$B:$B,BASE_YM_PY,raw_data!$G:$G,$A13))) -> 1444733 | Q13: =IF(N(O13)=0,"",P13/O13) -> 0.73088016 | R13: =IF(N(O13)=0,"",L13/O13-1) -> 0.19823362 | S13: =IF(OR(N13="",Q13=""),"",N13-Q13) -> 0.59002392 | T13: =IF(N(D13)>0,RANK(D13,D$2:D$1001)+COUNTIF(D$2:D13,D13)-1,"") -> 438 | U13: =IF(N(D13)>0,IF(D13>=LR_MIN_SHARE*SUM(D$2:D$1001),F13,-1),-1) -> -1 | V13: =IF(U13<0,"",RANK(U13,U$2:U$1001)+COUNTIF(U$2:U13,U13)-1) | W13: =IF(N(L13)>0,RANK(L13,L$2:L$1001)+COUNTIF(L$2:L13,L13)-1,"") -> 439 | X13: =IF(N(L13)>0,IF(L13>=LR_MIN_SHARE*SUM(L$2:L$1001),N13,-1),-1) -> -1 | Y13: =IF(X13<0,"",RANK(X13,X$2:X$1001)+COUNTIF(X$2:X13,X13)-1) | AA13: =IF($A13="","",IF(COUNTIF($B$2:$B13,$B13)=1,1,"")) | AB13: =IF(AA13=1,SUMIF($B$2:$B$1001,$B13,$D$2:$D$1001),"") | AC13: =IF(AA13=1,RANK(AB13,$AB$2:$AB$1001)+COUNTIF($AB$2:$AB13,AB13)-1,"") | AD13: =IF($A13="","",COUNTIF(raw_data!$G:$G,$A13)) -> 40 | AE13: =IF($A13="","",IF(COUNTIF($A$2:$A$1001,$A13)>1,1,0)) -> 0
... A1001: =IF(code_master!$A1001="","",code_master!$A1001) | B1001: =IF($A1001="","",code_master!$C1001&"") | C1001: =IF($A1001="","",code_master!$B1001&"") | D1001: =IF($A1001="","",SUMIFS(raw_data!$H:$H,raw_data!$A:$A,">="&UY_START,raw_data!$A:$A,"<="&BASE_YM,raw_data!$B:$B,"<="&BASE_YM,raw_data!$G:$G,$A1001)) | E1001: =IF($A1001="","",(SUMIFS(raw_data!$I:$I,raw_data!$A:$A,">="&UY_START,raw_data!$A:$A,"<="&BASE_YM,raw_data!$B:$B,"<="&BASE_YM,raw_data!$G:$G,$A1001)+SUMIFS(raw_data!$J:$J,raw_data!$A:$A,">="&UY_START,raw_data!$A:$A,"<="&BASE_YM,raw_data!$B:$B,"<="&BASE_YM,raw_data!$G:$G,$A1001))) | F1001: =IF(N(D1001)=0,"",E1001/D1001) | G1001: =IF($A1001="","",SUMIFS(raw_data!$H:$H,raw_data!$A:$A,">="&UY_START_PY,raw_data!$A:$A,"<="&BASE_YM_PY,raw_data!$B:$B,"<="&BASE_YM_PY,raw_data!$G:$G,$A1001)) | H1001: =IF($A1001="","",(SUMIFS(raw_data!$I:$I,raw_data!$A:$A,">="&UY_START_PY,raw_data!$A:$A,"<="&BASE_YM_PY,raw_data!$B:$B,"<="&BASE_YM_PY,raw_data!$G:$G,$A1001)+SUMIFS(raw_data!$J:$J,raw_data!$A:$A,">="&UY_START_PY,raw_data!$A:$A,"<="&BASE_YM_PY,raw_data!$B:$B,"<="&BASE_YM_PY,raw_data!$G:$G,$A1001))) | I1001: =IF(N(G1001)=0,"",H1001/G1001) | J1001: =IF(N(G1001)=0,"",D1001/G1001-1) | K1001: =IF(OR(F1001="",I1001=""),"",F1001-I1001) | L1001: =IF($A1001="","",SUMIFS(raw_data!$H:$H,raw_data!$B:$B,BASE_YM,raw_data!$G:$G,$A1001)) | M1001: =IF($A1001="","",(SUMIFS(raw_data!$I:$I,raw_data!$B:$B,BASE_YM,raw_data!$G:$G,$A1001)+SUMIFS(raw_data!$J:$J,raw_data!$B:$B,BASE_YM,raw_data!$G:$G,$A1001))) | N1001: =IF(N(L1001)=0,"",M1001/L1001) | O1001: =IF($A1001="","",SUMIFS(raw_data!$H:$H,raw_data!$B:$B,BASE_YM_PY,raw_data!$G:$G,$A1001)) | P1001: =IF($A1001="","",(SUMIFS(raw_data!$I:$I,raw_data!$B:$B,BASE_YM_PY,raw_data!$G:$G,$A1001)+SUMIFS(raw_data!$J:$J,raw_data!$B:$B,BASE_YM_PY,raw_data!$G:$G,$A1001))) | Q1001: =IF(N(O1001)=0,"",P1001/O1001) | R1001: =IF(N(O1001)=0,"",L1001/O1001-1) | S1001: =IF(OR(N1001="",Q1001=""),"",N1001-Q1001) | T1001: =IF(N(D1001)>0,RANK(D1001,D$2:D$1001)+COUNTIF(D$2:D1001,D1001)-1,"") | U1001: =IF(N(D1001)>0,IF(D1001>=LR_MIN_SHARE*SUM(D$2:D$1001),F1001,-1),-1) -> -1 | V1001: =IF(U1001<0,"",RANK(U1001,U$2:U$1001)+COUNTIF(U$2:U1001,U1001)-1) | W1001: =IF(N(L1001)>0,RANK(L1001,L$2:L$1001)+COUNTIF(L$2:L1001,L1001)-1,"") | X1001: =IF(N(L1001)>0,IF(L1001>=LR_MIN_SHARE*SUM(L$2:L$1001),N1001,-1),-1) -> -1 | Y1001: =IF(X1001<0,"",RANK(X1001,X$2:X$1001)+COUNTIF(X$2:X1001,X1001)-1) | AA1001: =IF($A1001="","",IF(COUNTIF($B$2:$B1001,$B1001)=1,1,"")) | AB1001: =IF(AA1001=1,SUMIF($B$2:$B$1001,$B1001,$D$2:$D$1001),"") | AC1001: =IF(AA1001=1,RANK(AB1001,$AB$2:$AB$1001)+COUNTIF($AB$2:$AB1001,AB1001)-1,"") | AD1001: =IF($A1001="","",COUNTIF(raw_data!$G:$G,$A1001)) | AE1001: =IF($A1001="","",IF(COUNTIF($A$2:$A$1001,$A1001)>1,1,0))
